Fecha-hora;Temperatura máxima ºC;Temperatura media ºC;Temperatura mínima ºC;Humedad relativa med. %;Humedad relativa máx. %;Humedad relativa mín. %;Precipitación acumulada l/m²;Radiación global W/m²;Velocidad media viento 2 m m/s;Dirección viento 2 m (MODA) sector;
01/01/2019 00:00:00;14.57;7.73;3.34;68.91;85.3;42.68;0.0;101.85;2.62;8.0
02/01/2019 00:00:00;8.72;4.82;0.27;72.7;90.3;56.81;0.0;101.74;4.22;8.0
03/01/2019 00:00:00;11.18;3.31;-1.32;69.76;89.9;34.48;0.0;81.6;1.86;8.0
04/01/2019 00:00:00;14.77;5.12;-1.85;47.82;69.45;23.38;0.0;109.14;2.15;8.0
05/01/2019 00:00:00;15.05;4.98;-4.85;55.13;96.1;25.18;0.0;106.83;2.44;8.0
06/01/2019 00:00:00;13.91;5.41;0.68;56.99;80.8;23.31;0.0;107.87;3.38;8.0
07/01/2019 00:00:00;6.46;2.75;-0.86;77.0;87.8;63.11;0.0;102.66;4.09;1.0
08/01/2019 00:00:00;9.46;5.13;0.34;78.8;91.2;64.96;0.0;93.17;3.61;8.0
09/01/2019 00:00:00;11.25;7.55;3.74;69.83;83.8;50.92;0.0;89.24;5.19;8.0
10/01/2019 00:00:00;5.99;2.91;-1.0;61.55;74.2;41.18;0.0;79.6;3.93;1.0
11/01/2019 00:00:00;6.85;2.91;-2.12;60.63;80.7;36.76;0.0;111.57;3.98;8.0
12/01/2019 00:00:00;9.72;6.69;2.87;71.11;81.6;56.94;0.0;73.47;3.88;8.0
13/01/2019 00:00:00;11.46;8.82;6.8;70.6;76.4;63.45;0.0;36.57;4.11;8.0
14/01/2019 00:00:00;13.32;9.24;6.2;73.2;83.4;55.99;0.0;70.42;3.92;8.0
15/01/2019 00:00:00;13.43;5.79;-1.26;80.7;97.2;49.29;0.0;112.73;1.43;1.0
16/01/2019 00:00:00;4.86;1.14;-3.66;96.7;100.0;87.7;0.0;33.81;0.63;8.0
17/01/2019 00:00:00;10.12;4.54;0.6;86.3;100.0;54.85;0.0;74.1;1.93;8.0
18/01/2019 00:00:00;8.99;2.48;-1.86;87.4;98.0;65.5;0.0;53.45;0.95;1.0
19/01/2019 00:00:00;9.32;4.13;-0.93;86.0;98.7;59.35;2.18;76.85;2.68;4.0
20/01/2019 00:00:00;9.12;5.75;3.14;87.5;98.7;72.7;0.79;42.55;1.65;8.0
21/01/2019 00:00:00;7.13;4.77;2.27;81.3;94.4;65.92;0.5;34.78;3.21;8.0
22/01/2019 00:00:00;6.47;3.44;-0.86;86.7;95.2;75.2;0.4;36.4;2.79;8.0
23/01/2019 00:00:00;9.21;6.62;4.14;83.67;91.1;74.5;2.77;53.4;5.44;8.0
24/01/2019 00:00:00;5.13;3.81;2.4;89.9;96.0;83.4;1.29;37.3;3.76;1.0
25/01/2019 00:00:00;13.05;9.14;4.34;79.2;92.8;67.55;0.0;71.29;4.88;8.0
26/01/2019 00:00:00;14.37;8.69;1.6;78.2;98.7;55.7;0.0;114.93;1.91;8.0
27/01/2019 00:00:00;9.59;5.12;0.14;82.84;100.0;60.91;0.99;60.21;3.72;8.0
28/01/2019 00:00:00;10.33;6.57;4.14;81.3;89.8;65.16;0.89;48.77;4.31;8.0
29/01/2019 00:00:00;8.47;6.0;4.21;83.0;94.4;69.8;1.78;37.11;2.74;7.0
30/01/2019 00:00:00;9.72;6.02;2.74;75.9;94.8;51.26;2.67;97.92;2.6;7.0
31/01/2019 00:00:00;10.99;6.77;3.81;94.2;99.1;82.5;13.17;55.82;1.86;4.0
01/02/2019 00:00:00;12.04;7.66;3.61;75.9;97.1;46.23;0.59;83.91;2.39;6.0
02/02/2019 00:00:00;7.07;3.37;1.53;86.2;96.5;59.9;11.78;90.51;5.98;8.0
03/02/2019 00:00:00;7.05;2.89;-0.06;84.4;98.3;64.03;2.18;98.73;3.85;1.0
04/02/2019 00:00:00;10.78;5.37;0.27;75.7;92.4;54.6;0.0;110.07;2.21;8.0
05/02/2019 00:00:00;15.37;8.66;4.27;83.5;96.7;63.38;0.0;110.65;1.92;8.0
06/02/2019 00:00:00;16.75;8.12;1.48;84.6;99.8;53.41;0.0;138.54;0.88;1.0
07/02/2019 00:00:00;13.38;6.26;1.01;87.5;99.9;65.81;0.0;76.81;1.63;1.0
08/02/2019 00:00:00;13.5;5.26;-1.32;85.7;100.0;58.57;0.0;145.95;0.86;1.0
09/02/2019 00:00:00;14.37;7.33;-0.06;82.3;100.0;55.84;0.0;132.18;1.69;4.0
10/02/2019 00:00:00;12.99;8.57;5.73;78.0;87.9;63.69;1.29;33.99;2.33;2.0
11/02/2019 00:00:00;10.78;6.7;3.87;79.1;88.1;64.75;0.0;79.14;3.03;8.0
12/02/2019 00:00:00;13.49;6.11;-0.4;74.6;96.7;42.07;0.0;159.03;1.24;8.0
13/02/2019 00:00:00;13.63;4.6;-2.72;82.4;99.8;52.63;0.0;159.61;1.06;3.0
14/02/2019 00:00:00;13.7;5.11;-1.39;82.8;98.6;49.16;0.0;151.04;1.91;3.0
15/02/2019 00:00:00;14.23;4.7;-2.86;77.74;97.0;39.14;0.0;165.97;1.05;2.0
16/02/2019 00:00:00;15.43;5.87;-3.26;68.96;99.6;33.39;0.1;163.19;2.48;4.0
17/02/2019 00:00:00;17.04;7.91;-2.46;47.9;84.5;22.57;0.0;174.42;3.19;4.0
18/02/2019 00:00:00;14.57;6.71;-0.86;70.5;94.1;43.68;0.0;160.19;2.19;3.0
19/02/2019 00:00:00;13.7;5.84;0.01;80.3;95.7;53.56;0.0;151.62;1.16;2.0
20/02/2019 00:00:00;12.96;5.0;-1.52;87.3;99.4;63.45;0.0;153.94;0.98;8.0
21/02/2019 00:00:00;16.96;6.2;-1.85;82.0;100.0;45.61;0.0;157.06;1.07;3.0
22/02/2019 00:00:00;21.2;8.32;-1.85;71.1;100.0;27.1;0.0;181.13;1.18;8.0
23/02/2019 00:00:00;22.74;9.79;-2.32;56.91;96.6;20.82;0.0;173.61;2.34;1.0
24/02/2019 00:00:00;17.85;8.11;-0.61;69.15;92.8;37.09;0.0;176.85;0.97;4.0
25/02/2019 00:00:00;19.26;6.81;-2.22;77.9;97.7;39.77;0.0;176.27;0.49;4.0
26/02/2019 00:00:00;20.41;7.62;-1.75;73.6;97.7;28.96;0.0;181.83;1.12;4.0
27/02/2019 00:00:00;22.8;9.52;-2.28;65.34;95.3;29.82;0.0;190.05;1.21;3.0
28/02/2019 00:00:00;16.39;10.91;4.36;67.97;85.8;49.4;0.0;183.68;3.75;1.0
01/03/2019 00:00:00;16.58;8.8;0.4;69.0;94.9;37.16;0.0;193.06;2.66;1.0
02/03/2019 00:00:00;18.59;10.59;2.07;68.45;89.3;36.69;0.0;190.63;1.95;1.0
03/03/2019 00:00:00;15.72;7.09;-0.55;79.4;95.7;49.94;0.0;128.82;0.66;4.0
04/03/2019 00:00:00;16.92;10.29;3.41;64.67;90.5;35.61;0.0;170.49;2.91;1.0
05/03/2019 00:00:00;17.99;10.37;-0.68;63.87;94.1;37.7;0.0;198.26;3.39;4.0
06/03/2019 00:00:00;15.65;11.03;6.5;69.05;91.2;34.83;1.29;42.36;6.8;4.0
07/03/2019 00:00:00;15.35;8.8;2.07;62.72;93.9;30.85;0.0;204.28;1.63;8.0
08/03/2019 00:00:00;14.7;8.4;2.94;71.4;90.9;43.21;0.0;141.44;1.98;1.0
09/03/2019 00:00:00;18.75;10.15;1.75;75.8;96.4;47.54;0.0;180.44;0.97;1.0
10/03/2019 00:00:00;18.64;10.31;2.2;79.2;99.7;47.82;0.0;137.96;3.29;1.0
11/03/2019 00:00:00;15.03;9.8;1.93;63.65;91.8;42.28;0.0;208.22;3.57;1.0
12/03/2019 00:00:00;18.02;7.87;-2.86;71.4;98.8;39.26;0.0;191.9;1.89;1.0
13/03/2019 00:00:00;11.52;7.75;5.0;70.7;85.5;53.72;0.0;141.32;4.4;8.0
14/03/2019 00:00:00;13.63;8.68;4.68;66.06;81.6;44.68;0.0;188.43;3.87;8.0
15/03/2019 00:00:00;17.42;9.46;2.08;68.84;92.7;44.2;0.0;232.29;2.91;1.0
16/03/2019 00:00:00;23.81;10.52;-1.33;66.67;99.0;26.5;0.0;234.84;1.0;1.0
17/03/2019 00:00:00;14.79;8.08;1.75;71.3;95.4;53.92;0.0;159.14;3.71;1.0
18/03/2019 00:00:00;13.24;7.95;3.94;64.54;85.1;38.28;0.0;211.46;3.49;1.0
19/03/2019 00:00:00;12.05;7.35;3.47;71.9;92.1;46.37;0.0;151.39;3.21;1.0
20/03/2019 00:00:00;14.23;8.42;3.2;58.64;82.1;30.66;0.0;247.92;5.16;1.0
21/03/2019 00:00:00;17.09;7.87;-1.93;61.54;94.0;24.64;0.0;250.81;1.4;1.0
22/03/2019 00:00:00;19.09;8.59;-2.26;62.92;98.4;26.97;0.0;248.61;1.0;3.0
23/03/2019 00:00:00;23.46;11.27;-0.06;56.25;92.2;21.49;0.0;252.55;0.99;2.0
24/03/2019 00:00:00;23.27;12.8;1.61;53.15;92.0;18.35;0.0;254.98;3.14;1.0
25/03/2019 00:00:00;15.57;10.62;7.0;57.51;79.8;34.13;0.0;234.49;5.54;1.0
26/03/2019 00:00:00;18.15;11.04;6.13;43.08;64.52;14.89;0.0;271.41;5.96;1.0
27/03/2019 00:00:00;19.02;10.4;0.54;46.74;84.0;16.62;0.0;271.53;4.67;8.0
28/03/2019 00:00:00;19.16;10.92;3.2;57.95;88.1;29.98;0.0;265.63;3.29;8.0
29/03/2019 00:00:00;19.02;10.3;0.07;58.99;94.5;24.5;0.0;265.28;3.58;4.0
30/03/2019 00:00:00;18.96;10.84;2.94;56.42;81.1;29.24;0.0;264.7;2.64;4.0
31/03/2019 00:00:00;16.82;9.47;0.48;67.26;92.5;41.94;0.99;205.32;1.82;4.0
01/04/2019 00:00:00;16.3;10.86;6.26;84.8;96.9;60.64;2.28;149.77;1.38;4.0
02/04/2019 00:00:00;18.62;10.87;4.01;74.8;99.2;36.19;0.3;208.57;2.35;1.0
03/04/2019 00:00:00;12.11;7.24;0.68;73.0;94.3;46.03;0.99;115.28;2.82;8.0
04/04/2019 00:00:00;14.63;7.89;-0.6;54.03;87.3;29.25;0.0;275.46;2.39;4.0
05/04/2019 00:00:00;13.45;8.55;5.0;71.1;97.0;39.64;5.25;111.81;4.94;4.0
06/04/2019 00:00:00;14.58;8.09;2.27;74.3;98.2;34.26;0.1;195.37;1.7;6.0
07/04/2019 00:00:00;15.3;9.69;5.26;69.74;94.6;40.61;0.69;212.5;1.92;8.0
08/04/2019 00:00:00;15.29;10.47;5.93;76.2;94.0;57.71;1.39;187.38;2.59;2.0
09/04/2019 00:00:00;16.97;9.41;1.35;73.6;98.9;37.2;0.1;208.57;2.32;8.0
10/04/2019 00:00:00;16.04;9.13;3.94;72.6;95.2;40.21;0.0;195.72;3.17;8.0
11/04/2019 00:00:00;13.92;9.37;5.26;70.8;84.2;53.98;0.1;155.56;3.74;8.0
12/04/2019 00:00:00;17.17;10.9;5.46;60.43;86.9;36.53;0.0;283.57;4.06;8.0
13/04/2019 00:00:00;23.87;12.7;0.94;41.82;81.9;9.28;0.0;313.77;1.87;8.0
14/04/2019 00:00:00;23.74;14.45;5.08;58.98;87.1;32.91;0.0;237.62;2.16;1.0
15/04/2019 00:00:00;22.29;13.71;6.93;77.1;95.1;41.53;16.93;201.39;4.01;3.0
16/04/2019 00:00:00;19.8;13.74;7.4;70.3;94.7;40.71;0.0;292.59;2.08;2.0
17/04/2019 00:00:00;20.16;14.4;9.46;65.57;84.2;49.07;0.0;204.17;5.84;4.0
18/04/2019 00:00:00;19.56;14.35;10.99;64.05;83.2;41.47;0.0;156.48;4.19;4.0
19/04/2019 00:00:00;21.09;14.66;10.19;67.75;94.9;42.6;1.09;191.44;2.57;3.0
20/04/2019 00:00:00;23.21;14.53;4.67;61.24;94.2;27.37;0.5;291.78;1.73;3.0
21/04/2019 00:00:00;15.19;12.11;9.39;73.9;89.5;51.85;0.0;100.58;1.9;1.0
22/04/2019 00:00:00;19.62;14.06;7.33;65.07;93.3;40.93;0.0;240.39;2.92;4.0
23/04/2019 00:00:00;18.11;12.65;8.07;74.1;90.7;51.16;0.2;133.45;3.31;5.0
24/04/2019 00:00:00;12.6;9.49;5.4;79.6;94.0;59.42;7.42;101.97;5.47;4.0
25/04/2019 00:00:00;17.37;11.65;6.2;67.76;94.6;35.67;2.28;244.21;2.23;6.0
26/04/2019 00:00:00;16.9;11.28;6.47;68.17;90.7;46.89;0.0;261.0;3.22;8.0
27/04/2019 00:00:00;18.62;11.46;3.67;71.1;95.4;47.27;0.0;261.69;2.7;1.0
28/04/2019 00:00:00;20.36;12.45;5.01;62.22;87.5;38.86;0.0;325.58;3.39;1.0
29/04/2019 00:00:00;23.41;14.53;4.81;60.53;89.7;31.97;0.0;331.13;2.94;1.0
30/04/2019 00:00:00;23.07;15.1;7.27;55.15;88.9;21.43;0.0;333.68;3.6;1.0
01/05/2019 00:00:00;24.01;13.65;4.41;61.78;87.7;28.37;0.0;319.56;3.29;1.0
02/05/2019 00:00:00;17.64;12.23;6.87;63.01;88.1;43.14;0.0;281.94;3.84;1.0
03/05/2019 00:00:00;13.52;10.02;7.07;71.8;90.1;56.72;1.88;121.3;3.54;8.0
04/05/2019 00:00:00;17.63;11.67;6.93;64.59;86.6;37.54;0.0;246.07;3.93;1.0
05/05/2019 00:00:00;15.3;9.14;3.2;53.41;77.8;27.38;0.0;347.45;4.77;1.0
06/05/2019 00:00:00;23.21;12.89;2.27;48.24;85.1;12.75;0.0;343.87;1.69;1.0
07/05/2019 00:00:00;24.81;16.24;5.87;57.64;88.0;31.7;0.0;261.11;1.37;4.0
08/05/2019 00:00:00;23.43;18.7;13.78;48.15;82.0;26.64;0.0;172.8;4.7;7.0
09/05/2019 00:00:00;20.15;14.71;8.54;55.46;89.0;31.58;0.1;236.0;2.65;8.0
10/05/2019 00:00:00;26.4;17.88;12.13;72.4;96.5;31.17;0.99;223.26;2.07;1.0
11/05/2019 00:00:00;19.62;14.71;8.67;59.64;82.3;35.59;0.0;304.17;4.55;1.0
12/05/2019 00:00:00;20.96;13.97;5.94;56.0;85.6;32.11;0.0;351.16;5.0;1.0
13/05/2019 00:00:00;21.83;15.89;9.86;38.72;63.36;16.83;0.0;361.81;7.13;1.0
14/05/2019 00:00:00;27.52;16.47;5.14;47.72;80.3;20.42;0.0;364.58;2.68;8.0
15/05/2019 00:00:00;28.08;18.49;9.14;41.49;73.4;15.48;0.0;339.82;4.01;1.0
16/05/2019 00:00:00;24.94;15.04;8.07;67.07;95.1;32.3;14.85;314.58;3.08;3.0
17/05/2019 00:00:00;13.67;10.39;7.53;83.0;96.1;67.95;25.94;83.68;3.65;8.0
18/05/2019 00:00:00;14.37;10.47;6.13;73.3;89.0;57.39;0.1;231.94;3.14;8.0
19/05/2019 00:00:00;13.92;10.97;6.93;75.1;87.6;62.6;0.1;129.86;4.08;8.0
20/05/2019 00:00:00;18.89;12.2;4.34;68.06;94.3;40.33;0.0;341.2;3.04;1.0
21/05/2019 00:00:00;21.89;14.08;5.67;64.52;93.0;33.51;0.0;357.52;3.35;1.0
22/05/2019 00:00:00;25.61;16.6;7.47;61.83;89.8;27.57;0.0;364.82;1.75;1.0
23/05/2019 00:00:00;26.14;16.17;8.27;71.2;94.9;33.44;4.65;237.5;2.61;1.0
24/05/2019 00:00:00;17.11;13.89;11.33;79.2;97.3;61.65;10.0;175.46;3.76;8.0
25/05/2019 00:00:00;18.64;14.42;12.06;68.74;80.0;51.96;0.0;185.3;5.07;8.0
26/05/2019 00:00:00;19.04;14.45;11.13;69.39;81.3;53.63;0.0;175.35;3.9;8.0
27/05/2019 00:00:00;21.02;15.25;11.19;68.18;84.9;52.75;0.0;257.29;4.1;1.0
28/05/2019 00:00:00;17.58;13.02;9.32;63.63;75.9;41.88;0.0;171.76;4.85;8.0
29/05/2019 00:00:00;20.02;14.31;9.72;62.66;89.0;36.25;0.0;319.56;3.6;1.0
30/05/2019 00:00:00;28.13;18.53;7.74;54.98;86.6;24.22;0.0;373.15;4.13;1.0
31/05/2019 00:00:00;29.66;20.73;10.53;58.71;91.2;18.88;0.0;375.69;1.2;1.0
01/06/2019 00:00:00;31.26;21.5;10.73;57.68;94.0;23.35;0.0;368.17;1.4;3.0
02/06/2019 00:00:00;31.79;22.75;12.53;52.93;85.7;26.16;0.0;334.84;1.93;2.0
03/06/2019 00:00:00;31.33;22.69;14.79;51.29;80.3;26.09;0.0;330.21;1.7;4.0
04/06/2019 00:00:00;32.59;20.1;13.26;54.95;75.4;22.42;0.3;307.06;4.51;3.0
05/06/2019 00:00:00;16.5;13.05;10.66;75.9;93.6;55.71;11.78;182.52;4.01;8.0
06/06/2019 00:00:00;24.41;16.59;8.87;62.62;93.1;30.44;0.0;322.57;4.16;4.0
07/06/2019 00:00:00;22.48;16.0;10.39;50.92;75.9;22.89;0.0;351.16;3.81;8.0
08/06/2019 00:00:00;23.41;16.77;6.87;56.23;87.2;32.37;0.0;299.19;2.4;2.0
09/06/2019 00:00:00;26.99;18.05;12.86;59.3;80.9;27.22;0.1;318.06;3.44;2.0
10/06/2019 00:00:00;19.22;14.32;10.66;62.19;83.3;41.8;0.0;226.74;4.27;1.0
11/06/2019 00:00:00;17.97;12.49;7.74;68.92;93.2;43.88;1.68;260.07;3.38;8.0
12/06/2019 00:00:00;23.34;13.84;4.21;62.58;96.0;28.5;0.0;355.21;1.85;2.0
13/06/2019 00:00:00;26.14;17.68;7.4;61.97;90.9;37.71;0.0;340.39;4.48;4.0
14/06/2019 00:00:00;26.86;17.38;11.53;65.75;87.0;32.96;0.1;280.9;3.53;1.0
15/06/2019 00:00:00;23.41;17.09;11.93;57.67;84.1;33.24;0.0;362.15;3.41;1.0
16/06/2019 00:00:00;30.79;19.98;8.94;53.21;90.4;17.21;0.0;367.94;2.01;2.0
17/06/2019 00:00:00;33.44;23.79;11.86;45.39;86.8;15.94;0.0;359.14;2.01;3.0
18/06/2019 00:00:00;35.38;27.02;19.04;29.43;52.48;10.67;0.0;358.8;4.7;5.0
19/06/2019 00:00:00;29.12;22.06;15.25;52.08;76.2;28.89;0.0;263.08;2.46;1.0
20/06/2019 00:00:00;22.29;17.88;14.58;73.0;91.3;54.87;2.57;210.65;4.47;1.0
21/06/2019 00:00:00;21.56;16.99;11.86;70.8;94.3;49.74;0.0;333.33;3.89;1.0
22/06/2019 00:00:00;30.66;20.65;9.07;56.75;93.3;28.62;0.0;355.56;1.65;4.0
23/06/2019 00:00:00;34.91;26.97;19.58;45.05;70.3;22.81;0.0;313.77;3.74;4.0
24/06/2019 00:00:00;33.26;26.31;19.96;35.94;70.4;20.15;0.0;246.99;3.81;4.0
25/06/2019 00:00:00;34.84;26.06;17.71;52.92;80.7;27.61;0.0;305.79;2.62;4.0
26/06/2019 00:00:00;36.57;28.04;17.97;48.82;93.7;20.81;0.0;345.14;5.69;4.0
27/06/2019 00:00:00;37.64;28.87;18.24;36.99;67.39;15.21;0.0;246.18;3.24;4.0
28/06/2019 00:00:00;40.23;28.76;16.05;43.43;80.6;11.54;0.0;351.85;1.42;2.0
29/06/2019 00:00:00;40.7;28.14;16.19;46.07;86.1;8.94;0.0;375.12;2.79;2.0
30/06/2019 00:00:00;39.51;26.23;16.52;52.24;86.3;12.01;0.0;336.0;4.19;1.0
01/07/2019 00:00:00;27.93;21.01;16.79;65.1;83.0;42.24;0.79;328.24;4.78;1.0
02/07/2019 00:00:00;31.19;22.01;16.05;67.55;88.9;30.89;0.2;309.72;3.23;1.0
03/07/2019 00:00:00;33.51;25.17;17.38;60.16;86.8;26.42;0.1;255.9;2.25;1.0
04/07/2019 00:00:00;34.64;27.02;16.84;48.65;91.7;21.61;0.0;335.07;2.63;4.0
05/07/2019 00:00:00;35.97;27.02;18.97;50.05;85.2;21.34;0.0;335.76;2.89;4.0
06/07/2019 00:00:00;36.57;25.53;17.98;58.68;88.8;17.34;0.0;354.17;3.14;1.0
07/07/2019 00:00:00;33.31;24.0;18.17;60.59;85.2;26.89;0.0;338.19;4.02;1.0
08/07/2019 00:00:00;27.73;21.01;15.35;79.2;97.9;53.98;56.13;217.59;3.29;1.0
09/07/2019 00:00:00;23.74;19.03;15.45;74.2;94.5;51.39;0.0;226.27;3.37;8.0
10/07/2019 00:00:00;28.86;21.55;14.05;60.4;84.6;36.9;0.0;357.41;2.99;8.0
11/07/2019 00:00:00;32.64;23.7;13.65;55.78;88.1;29.02;0.0;362.62;2.41;1.0
12/07/2019 00:00:00;34.3;24.84;16.25;52.5;82.2;22.21;0.0;348.73;3.42;1.0
13/07/2019 00:00:00;29.92;23.33;17.04;59.94;80.3;35.56;0.4;241.55;3.43;1.0
14/07/2019 00:00:00;27.2;22.13;17.51;60.87;90.2;34.24;1.68;333.1;4.06;1.0
15/07/2019 00:00:00;27.2;21.34;15.19;54.77;81.9;31.36;0.0;358.57;3.71;8.0
16/07/2019 00:00:00;30.39;22.05;12.86;57.36;79.5;31.49;0.0;341.9;2.77;8.0
17/07/2019 00:00:00;28.19;21.69;16.39;65.24;88.4;39.63;1.88;308.57;3.8;1.0
18/07/2019 00:00:00;26.74;20.78;14.45;58.69;85.8;38.04;0.0;350.12;3.58;1.0
19/07/2019 00:00:00;32.97;23.9;12.73;54.13;85.1;29.22;0.0;338.08;2.12;4.0
20/07/2019 00:00:00;34.17;25.09;19.11;59.34;79.1;31.48;0.0;333.45;3.39;3.0
21/07/2019 00:00:00;34.5;25.29;18.71;62.65;85.4;31.22;0.0;306.48;2.88;1.0
22/07/2019 00:00:00;36.17;28.25;19.24;49.26;92.6;21.01;0.0;328.13;2.35;4.0
23/07/2019 00:00:00;37.84;29.08;19.1;37.47;67.32;18.81;0.1;317.13;2.28;4.0
24/07/2019 00:00:00;36.3;27.4;18.04;48.83;88.4;20.34;0.0;293.98;1.86;4.0
25/07/2019 00:00:00;35.97;27.91;21.83;46.94;77.2;24.88;0.0;321.41;3.34;4.0
26/07/2019 00:00:00;25.94;21.2;17.44;74.8;90.4;57.93;0.89;159.14;3.58;1.0
27/07/2019 00:00:00;20.3;17.67;15.12;74.2;89.8;58.35;0.1;148.84;3.16;8.0
28/07/2019 00:00:00;24.74;18.87;12.72;62.64;87.9;39.11;0.0;277.78;2.64;1.0
29/07/2019 00:00:00;32.84;20.16;10.13;62.61;92.6;23.48;0.0;339.58;2.54;1.0
30/07/2019 00:00:00;23.54;18.62;13.92;60.57;82.4;39.51;0.0;318.52;3.76;1.0
31/07/2019 00:00:00;28.59;19.77;11.33;58.66;86.1;26.89;0.0;293.06;2.49;1.0
01/08/2019 00:00:00;30.97;21.54;15.71;70.6;90.9;39.02;3.76;266.67;2.67;1.0
02/08/2019 00:00:00;29.72;22.33;15.98;65.41;89.2;37.96;0.0;334.14;2.98;1.0
03/08/2019 00:00:00;34.9;24.68;13.78;60.91;94.5;24.15;0.0;328.01;1.96;1.0
04/08/2019 00:00:00;34.5;24.48;18.57;64.65;87.6;27.68;0.0;323.26;2.94;8.0
05/08/2019 00:00:00;34.04;23.85;17.24;65.66;85.0;30.62;0.0;318.63;2.58;8.0
06/08/2019 00:00:00;33.1;24.35;16.97;63.78;88.8;30.95;0.0;266.44;2.36;8.0
07/08/2019 00:00:00;31.84;24.67;19.18;56.49;79.0;32.42;0.0;263.89;1.82;1.0
08/08/2019 00:00:00;35.3;26.79;18.37;55.02;87.5;29.15;0.0;303.82;0.93;4.0
09/08/2019 00:00:00;35.04;26.31;16.98;54.7;90.1;29.41;1.19;239.01;2.05;6.0
10/08/2019 00:00:00;28.46;20.88;14.25;69.65;93.3;39.63;0.0;317.71;2.96;1.0
11/08/2019 00:00:00;26.13;20.22;15.78;67.73;90.4;43.98;0.4;267.01;3.51;1.0
12/08/2019 00:00:00;23.21;17.85;13.58;61.39;83.2;38.11;0.0;317.82;3.52;1.0
13/08/2019 00:00:00;23.81;17.96;12.85;60.67;84.0;37.44;0.0;304.63;3.06;1.0
14/08/2019 00:00:00;30.84;20.44;10.06;58.29;92.2;26.49;0.0;318.52;2.08;1.0
15/08/2019 00:00:00;25.93;20.42;15.19;65.61;91.3;42.11;0.0;286.11;3.03;1.0
16/08/2019 00:00:00;34.04;22.07;10.59;58.04;91.1;25.75;0.0;314.01;1.21;8.0
17/08/2019 00:00:00;35.97;25.21;14.32;55.31;84.7;25.61;0.0;308.57;1.07;8.0
18/08/2019 00:00:00;30.9;23.28;17.24;68.09;86.1;38.55;0.0;294.79;3.18;2.0
19/08/2019 00:00:00;22.34;18.72;16.38;64.21;77.8;49.27;0.0;182.41;4.04;1.0
20/08/2019 00:00:00;24.07;18.63;14.79;68.39;88.9;45.99;1.29;285.88;3.6;1.0
21/08/2019 00:00:00;27.26;19.71;13.32;65.8;89.7;42.37;0.0;220.49;1.95;8.0
22/08/2019 00:00:00;29.46;20.84;13.05;54.32;83.5;22.95;0.0;312.96;2.53;8.0
23/08/2019 00:00:00;32.44;20.99;9.66;61.9;94.0;25.88;0.0;299.65;1.02;3.0
24/08/2019 00:00:00;32.57;22.78;12.52;59.0;89.9;24.35;0.0;298.38;1.06;3.0
25/08/2019 00:00:00;32.37;23.56;14.12;61.28;91.4;25.01;0.0;291.09;1.61;3.0
26/08/2019 00:00:00;28.66;21.41;14.38;69.38;93.7;39.3;2.08;223.84;1.85;3.0
27/08/2019 00:00:00;28.64;20.96;16.11;76.6;96.6;38.55;0.5;215.16;1.03;8.0
28/08/2019 00:00:00;31.37;22.57;13.96;70.35;96.3;31.73;0.0;281.94;1.32;1.0
29/08/2019 00:00:00;32.51;24.1;15.51;68.08;96.4;35.15;0.0;248.61;1.62;1.0
30/08/2019 00:00:00;34.44;24.81;16.84;63.02;93.0;30.22;0.0;272.22;1.1;6.0
31/08/2019 00:00:00;34.69;24.07;16.45;65.81;97.1;23.74;0.0;265.97;1.7;1.0
01/09/2019 00:00:00;26.2;20.64;16.51;66.81;83.4;47.84;0.0;183.22;3.51;1.0
02/09/2019 00:00:00;23.07;18.07;13.92;58.84;78.1;40.58;0.0;281.02;3.63;1.0
03/09/2019 00:00:00;27.66;19.18;11.39;58.73;89.4;28.29;0.0;278.36;2.34;8.0
04/09/2019 00:00:00;26.86;18.05;9.99;64.49;93.6;35.7;0.0;274.07;2.55;1.0
05/09/2019 00:00:00;21.42;17.14;12.98;60.58;78.6;43.26;0.0;240.05;3.92;1.0
06/09/2019 00:00:00;20.95;16.27;11.65;57.77;80.5;38.72;0.0;270.72;4.11;8.0
07/09/2019 00:00:00;23.14;16.98;11.6;58.46;83.1;34.11;0.0;268.29;3.64;8.0
08/09/2019 00:00:00;23.21;16.23;9.72;66.53;92.9;36.85;0.0;233.57;2.29;1.0
09/09/2019 00:00:00;24.45;15.56;5.33;62.4;96.1;28.16;0.0;226.16;1.79;1.0
10/09/2019 00:00:00;18.96;15.37;10.39;62.72;77.3;48.01;0.1;175.46;4.02;8.0
11/09/2019 00:00:00;22.74;18.16;13.92;53.61;74.3;35.31;0.0;254.28;4.49;1.0
12/09/2019 00:00:00;29.51;19.37;10.13;60.81;92.0;28.62;0.0;253.13;1.88;8.0
13/09/2019 00:00:00;26.99;18.82;12.05;67.09;94.1;36.96;0.0;173.03;1.37;8.0
14/09/2019 00:00:00;27.86;20.1;12.78;73.2;99.9;36.9;0.3;192.13;1.05;4.0
15/09/2019 00:00:00;26.26;18.65;13.78;83.0;98.5;45.98;7.7;140.39;1.39;8.0
16/09/2019 00:00:00;27.91;21.15;15.64;80.3;100.0;45.9;0.1;197.92;0.84;6.0
17/09/2019 00:00:00;30.24;22.27;15.18;74.1;100.0;30.82;0.0;200.81;1.06;8.0
18/09/2019 00:00:00;27.25;20.31;16.37;79.7;99.8;48.58;1.7;201.27;1.5;8.0
19/09/2019 00:00:00;28.24;20.08;13.52;78.8;100.0;43.36;0.0;209.72;1.04;8.0
20/09/2019 00:00:00;26.86;20.95;15.45;73.4;94.8;51.31;0.5;192.36;2.49;4.0
21/09/2019 00:00:00;25.34;20.92;17.04;72.1;95.6;45.65;0.0;163.43;2.99;4.0
22/09/2019 00:00:00;23.47;19.01;12.86;70.6;97.2;36.85;0.8;184.84;2.88;8.0
23/09/2019 00:00:00;24.27;16.33;9.52;74.2;100.0;40.58;0.0;159.26;0.63;3.0
24/09/2019 00:00:00;27.72;18.18;9.86;70.7;99.7;40.57;0.0;202.55;1.7;1.0
25/09/2019 00:00:00;23.13;17.86;12.98;66.46;92.1;41.51;0.0;171.88;1.55;1.0
26/09/2019 00:00:00;28.19;18.02;9.39;71.7;99.3;34.28;0.0;215.63;0.61;1.0
27/09/2019 00:00:00;27.64;18.73;9.72;68.21;99.4;24.95;0.0;215.63;1.79;1.0
28/09/2019 00:00:00;26.92;18.55;11.79;70.7;96.4;39.03;0.0;215.28;1.19;1.0
29/09/2019 00:00:00;30.57;18.84;9.86;68.32;99.1;25.68;0.0;191.2;1.16;1.0
30/09/2019 00:00:00;29.44;19.95;11.39;67.69;96.0;34.62;0.0;209.61;0.9;8.0
01/10/2019 00:00:00;26.26;18.06;10.66;73.4;98.4;46.97;0.0;181.48;2.06;1.0
02/10/2019 00:00:00;19.43;16.13;13.38;70.95;88.1;57.3;0.0;104.63;2.78;8.0
03/10/2019 00:00:00;24.72;16.6;10.46;62.5;88.6;33.63;0.0;205.09;2.37;8.0
04/10/2019 00:00:00;24.99;16.47;8.13;73.8;93.9;47.91;1.0;185.19;2.45;1.0
05/10/2019 00:00:00;24.52;17.18;11.86;71.9;94.8;46.77;0.0;204.63;2.65;1.0
06/10/2019 00:00:00;21.81;15.77;10.93;74.0;91.0;56.81;0.0;125.69;2.4;8.0
07/10/2019 00:00:00;24.45;16.43;9.86;58.9;87.8;30.77;0.0;186.0;2.27;8.0
08/10/2019 00:00:00;28.77;18.2;8.4;56.34;86.8;22.94;0.0;191.2;1.67;1.0
09/10/2019 00:00:00;21.34;15.81;9.53;71.0;89.7;46.86;0.0;141.32;2.95;1.0
10/10/2019 00:00:00;24.39;14.13;5.53;66.53;97.9;28.49;0.0;191.2;0.91;8.0
11/10/2019 00:00:00;26.12;17.2;6.67;72.2;96.0;48.04;0.0;166.09;1.99;4.0
12/10/2019 00:00:00;27.01;21.42;18.71;71.5;85.2;45.38;2.2;109.95;5.25;4.0
13/10/2019 00:00:00;27.92;21.37;17.24;69.02;88.7;37.7;0.0;164.7;5.89;4.0
14/10/2019 00:00:00;22.83;17.46;10.33;77.1;96.5;52.88;2.7;69.56;4.86;4.0
15/10/2019 00:00:00;18.88;12.21;6.33;65.95;92.5;34.78;0.0;175.12;2.13;8.0
16/10/2019 00:00:00;22.4;13.1;4.99;68.58;99.7;32.03;0.0;126.85;0.98;3.0
17/10/2019 00:00:00;21.87;15.91;10.33;65.96;90.7;43.85;0.0;128.36;1.87;4.0
18/10/2019 00:00:00;20.67;16.51;13.45;84.4;99.9;64.48;0.4;107.76;2.11;4.0
19/10/2019 00:00:00;21.09;16.79;13.32;72.2;99.7;39.46;6.1;105.79;2.74;4.0
20/10/2019 00:00:00;17.69;13.01;8.72;86.2;100.0;56.42;3.4;106.48;2.09;7.0
21/10/2019 00:00:00;17.14;10.6;5.26;82.2;100.0;44.06;0.0;153.82;0.74;1.0
22/10/2019 00:00:00;12.26;8.52;4.07;94.7;100.0;75.7;10.4;19.93;2.5;8.0
23/10/2019 00:00:00;15.3;11.64;8.05;94.2;100.0;79.3;0.6;66.49;1.54;6.0
24/10/2019 00:00:00;16.69;11.82;8.86;88.1;100.0;65.03;1.9;98.5;1.23;8.0
25/10/2019 00:00:00;23.12;12.81;6.87;87.5;100.0;49.11;0.1;142.94;0.6;1.0
26/10/2019 00:00:00;21.54;12.41;5.6;89.1;100.0;62.21;0.1;145.83;0.79;2.0
27/10/2019 00:00:00;21.14;12.92;5.86;87.7;100.0;54.4;0.1;112.04;0.74;2.0
28/10/2019 00:00:00;21.2;14.2;9.92;89.6;100.0;60.47;0.0;104.86;0.74;3.0
29/10/2019 00:00:00;23.13;14.27;7.4;88.5;100.0;58.53;0.0;133.1;0.82;8.0
30/10/2019 00:00:00;20.87;14.35;7.73;87.0;100.0;62.75;0.1;95.6;0.6;3.0
31/10/2019 00:00:00;20.88;15.79;12.45;88.4;100.0;58.34;0.9;72.16;1.38;8.0
01/11/2019 00:00:00;21.42;15.58;11.85;92.2;100.0;69.23;1.8;87.5;0.86;3.0
02/11/2019 00:00:00;18.97;14.8;11.72;91.3;100.0;73.6;1.0;50.9;1.03;6.0
03/11/2019 00:00:00;16.77;13.53;10.12;67.76;99.8;43.55;4.4;138.19;3.43;8.0
04/11/2019 00:00:00;20.02;13.08;6.47;83.1;100.0;51.2;3.1;78.36;1.46;2.0
05/11/2019 00:00:00;14.24;9.73;5.93;80.4;99.9;59.04;9.6;82.87;3.39;7.0
06/11/2019 00:00:00;14.18;10.52;7.99;83.34;97.4;63.74;0.7;64.76;2.31;8.0
07/11/2019 00:00:00;13.23;8.55;3.74;89.9;100.0;58.77;9.7;78.63;1.27;8.0
08/11/2019 00:00:00;9.39;6.57;4.61;84.5;98.8;70.7;17.1;38.74;4.46;7.0
09/11/2019 00:00:00;12.2;8.67;6.33;84.1;93.1;68.63;2.3;60.37;2.73;8.0
10/11/2019 00:00:00;6.93;5.08;3.07;92.2;99.5;79.7;9.1;42.6;3.14;8.0
11/11/2019 00:00:00;10.26;6.16;2.13;94.0;100.0;78.8;3.0;32.18;1.61;1.0
12/11/2019 00:00:00;12.58;9.01;5.2;83.7;100.0;65.61;0.3;61.84;2.0;8.0
13/11/2019 00:00:00;13.65;8.83;5.13;88.8;100.0;61.0;5.5;66.96;1.5;1.0
14/11/2019 00:00:00;11.37;6.45;3.93;86.0;100.0;49.71;8.2;102.43;1.69;7.0
15/11/2019 00:00:00;7.65;4.63;1.67;90.9;100.0;77.7;0.6;60.75;2.88;7.0
16/11/2019 00:00:00;7.93;3.81;-1.13;89.0;100.0;71.7;0.1;28.61;0.98;1.0
17/11/2019 00:00:00;10.11;6.49;2.93;91.8;99.9;77.6;0.8;49.02;0.81;5.0
18/11/2019 00:00:00;8.99;5.75;1.6;85.2;97.6;67.37;0.0;45.98;2.29;1.0
19/11/2019 00:00:00;12.17;5.08;-0.33;85.8;99.9;52.3;0.0;109.61;1.31;8.0
20/11/2019 00:00:00;10.05;4.49;-2.07;88.3;100.0;66.5;0.8;73.14;2.5;4.0
21/11/2019 00:00:00;11.85;6.26;2.0;94.4;100.0;73.9;0.0;69.16;1.64;5.0
22/11/2019 00:00:00;10.33;8.15;5.93;93.0;98.2;85.4;1.3;16.66;5.87;4.0
23/11/2019 00:00:00;11.52;8.45;5.8;83.5;99.9;64.74;2.2;51.84;4.01;8.0
24/11/2019 00:00:00;11.91;8.37;5.93;85.5;100.0;66.61;1.9;52.38;1.71;8.0
25/11/2019 00:00:00;15.15;8.21;2.47;93.8;100.0;70.6;0.5;89.24;0.63;1.0
26/11/2019 00:00:00;17.04;10.18;3.54;89.5;100.0;71.4;1.2;66.94;2.52;5.0
27/11/2019 00:00:00;15.04;11.01;7.06;83.5;100.0;57.91;3.8;67.87;1.32;5.0
28/11/2019 00:00:00;15.18;10.13;5.93;94.6;100.0;72.2;0.7;43.03;1.17;4.0
29/11/2019 00:00:00;16.42;10.67;4.01;88.8;100.0;59.69;0.0;80.88;0.9;1.0
30/11/2019 00:00:00;16.7;8.37;3.34;94.4;100.0;65.72;15.2;62.18;1.92;1.0
01/12/2019 00:00:00;11.31;6.97;4.33;96.5;100.0;79.8;0.1;55.61;0.97;8.0
02/12/2019 00:00:00;11.38;7.79;5.01;80.6;95.4;66.28;0.0;73.6;3.7;1.0
03/12/2019 00:00:00;8.37;4.7;-0.46;83.0;99.9;65.14;0.0;92.59;2.02;1.0
04/12/2019 00:00:00;12.05;5.15;-1.13;89.4;99.9;67.09;0.1;74.66;1.77;8.0
05/12/2019 00:00:00;14.17;7.74;2.67;82.1;99.9;50.29;0.0;86.46;1.8;8.0
06/12/2019 00:00:00;13.1;4.54;-1.06;92.0;100.0;62.92;0.0;91.9;0.65;1.0
07/12/2019 00:00:00;13.82;4.39;-0.93;93.6;100.0;65.51;0.1;78.61;0.53;1.0
08/12/2019 00:00:00;7.94;4.13;0.07;99.7;100.0;96.3;3.8;27.13;0.63;8.0
09/12/2019 00:00:00;11.66;7.7;0.74;81.4;100.0;62.16;0.2;32.26;3.52;8.0
10/12/2019 00:00:00;14.7;8.57;4.07;78.0;96.1;53.77;0.0;91.55;1.73;8.0
11/12/2019 00:00:00;10.25;6.19;2.47;88.0;100.0;63.82;0.9;35.38;1.66;8.0
12/12/2019 00:00:00;11.54;7.61;5.26;90.3;100.0;72.6;17.7;13.22;2.02;6.0
13/12/2019 00:00:00;14.85;12.96;10.26;87.7;99.0;72.8;0.4;27.93;311.3;1.0
14/12/2019 00:00:00;15.96;11.23;5.8;75.5;98.7;52.62;0.0;88.43;271.5;1.0
15/12/2019 00:00:00;16.24;9.06;2.0;81.5;100.0;46.68;0.0;86.69;2.53;4.0
16/12/2019 00:00:00;11.99;10.01;7.93;84.0;90.5;76.9;0.0;32.95;6.02;4.0
17/12/2019 00:00:00;14.59;10.6;5.93;90.9;100.0;76.9;0.0;38.01;2.45;5.0
18/12/2019 00:00:00;13.51;7.6;1.67;86.21;100.0;60.25;0.1;81.13;3.11;4.0
19/12/2019 00:00:00;13.32;10.92;8.52;82.6;91.3;74.7;0.1;31.49;8.69;4.0
20/12/2019 00:00:00;15.73;11.11;8.06;86.6;100.0;55.72;7.9;39.32;3.18;4.0
21/12/2019 00:00:00;15.38;10.48;5.26;85.8;100.0;56.41;3.0;59.8;3.52;5.0
22/12/2019 00:00:00;16.78;11.03;7.47;74.1;94.1;57.32;1.6;52.58;4.63;8.0
23/12/2019 00:00:00;13.7;7.86;4.47;85.0;100.0;60.38;0.0;63.43;1.03;8.0
24/12/2019 00:00:00;15.48;6.9;0.94;93.4;100.0;70.5;0.0;85.65;0.59;1.0
25/12/2019 00:00:00;15.03;5.61;1.0;96.7;100.0;71.3;0.1;67.66;0.4;1.0
26/12/2019 00:00:00;13.72;7.34;2.67;87.0;100.0;63.66;0.1;67.69;2.34;1.0
27/12/2019 00:00:00;12.97;5.02;-0.06;88.7;99.9;64.45;0.0;94.21;1.44;8.0
28/12/2019 00:00:00;11.04;3.84;-0.86;89.3;99.9;67.88;0.0;90.86;1.27;3.0
29/12/2019 00:00:00;0.8;-0.5;-1.73;99.9;99.9;99.8;0.1;23.67;0.79;4.0
30/12/2019 00:00:00;3.2;1.61;0.01;99.9;100.0;98.0;0.1;16.48;1.0;7.0
31/12/2019 00:00:00;1.93;1.32;0.6;99.6;100.0;97.9;0.0;14.24;0.94;7.0
