Fecha-hora;Temperatura máxima ºC;Temperatura media ºC;Temperatura mínima ºC;Humedad relativa med. %;Humedad relativa máx. %;Humedad relativa mín. %;Precipitación acumulada l/m²;,Fecha-hora;Temperatura máxima ºC;Temperatura mínima ºC;Humedad relativa máx. %;Humedad relativa mín. %;Precipitación acumulada l/m²;
01/01/2016 00:00:00;;;;;;;,
02/01/2016 00:00:00;;;;;;;,
03/01/2016 00:00:00;;;;;;;,
04/01/2016 00:00:00;;;;;;;,
05/01/2016 00:00:00;;;;;;;,
06/01/2016 00:00:00;;;;;;;,
07/01/2016 00:00:00;;;;;;;,
08/01/2016 00:00:00;;;;;;;,
09/01/2016 00:00:00;;;;;;;,
10/01/2016 00:00:00;;;;;;;,
11/01/2016 00:00:00;;;;;;;,
12/01/2016 00:00:00;;;;;;;,
13/01/2016 00:00:00;;;;;;;,
14/01/2016 00:00:00;;;;;;;,
15/01/2016 00:00:00;;;;;;;,
16/01/2016 00:00:00;;;;;;;,
17/01/2016 00:00:00;;;;;;;,
18/01/2016 00:00:00;;;;;;;,
19/01/2016 00:00:00;;;;;;;,
20/01/2016 00:00:00;;;;;;;,
21/01/2016 00:00:00;;;;;;;,
22/01/2016 00:00:00;;;;;;;,
23/01/2016 00:00:00;;;;;;;,
24/01/2016 00:00:00;;;;;;;,
25/01/2016 00:00:00;;;;;;;,
26/01/2016 00:00:00;;;;;;;,
27/01/2016 00:00:00;;;;;;;,
28/01/2016 00:00:00;;;;;;;,
29/01/2016 00:00:00;;;;;;;,
30/01/2016 00:00:00;;;;;;;,
31/01/2016 00:00:00;;;;;;;,
01/02/2016 00:00:00;;;;;;;,
02/02/2016 00:00:00;;;;;;;,
03/02/2016 00:00:00;;;;;;;,
04/02/2016 00:00:00;;;;;;;,
05/02/2016 00:00:00;;;;;;;,
06/02/2016 00:00:00;;;;;;;,
07/02/2016 00:00:00;;;;;;;,
08/02/2016 00:00:00;;;;;;;,
09/02/2016 00:00:00;;;;;;;,
10/02/2016 00:00:00;;;;;;;,
11/02/2016 00:00:00;;;;;;;,
12/02/2016 00:00:00;;;;;;;,
13/02/2016 00:00:00;;;;;;;,
14/02/2016 00:00:00;;;;;;;,
15/02/2016 00:00:00;;;;;;;,
16/02/2016 00:00:00;;;;;;;,
17/02/2016 00:00:00;;;;;;;,
18/02/2016 00:00:00;;;;;;;,
19/02/2016 00:00:00;;;;;;;,
20/02/2016 00:00:00;;;;;;;,
21/02/2016 00:00:00;;;;;;;,
22/02/2016 00:00:00;;;;;;;,
23/02/2016 00:00:00;;;;;;;,
24/02/2016 00:00:00;;;;;;;,
25/02/2016 00:00:00;;;;;;;,
26/02/2016 00:00:00;;;;;;;,
27/02/2016 00:00:00;;;;;;;,
28/02/2016 00:00:00;;;;;;;,
29/02/2016 00:00:00;;;;;;;,
01/03/2016 00:00:00;;;;;;;,
02/03/2016 00:00:00;;;;;;;,
03/03/2016 00:00:00;;;;;;;,
04/03/2016 00:00:00;;;;;;;,
05/03/2016 00:00:00;;;;;;;,
06/03/2016 00:00:00;;;;;;;,
07/03/2016 00:00:00;;;;;;;,
08/03/2016 00:00:00;;;;;;;,
09/03/2016 00:00:00;;;;;;;,
10/03/2016 00:00:00;;;;;;;,
11/03/2016 00:00:00;;;;;;;,
12/03/2016 00:00:00;;;;;;;,
13/03/2016 00:00:00;;;;;;;,
14/03/2016 00:00:00;;;;;;;,
15/03/2016 00:00:00;;;;;;;,
16/03/2016 00:00:00;;;;;;;,
17/03/2016 00:00:00;;;;;;;,
18/03/2016 00:00:00;;;;;;;,
19/03/2016 00:00:00;;;;;;;,
20/03/2016 00:00:00;;;;;;;,
21/03/2016 00:00:00;;;;;;;,
22/03/2016 00:00:00;;;;;;;,
23/03/2016 00:00:00;;;;;;;,
24/03/2016 00:00:00;;;;;;;,
25/03/2016 00:00:00;;;;;;;,
26/03/2016 00:00:00;;;;;;;,
27/03/2016 00:00:00;;;;;;;,
28/03/2016 00:00:00;;;;;;;,
29/03/2016 00:00:00;;;;;;;,
30/03/2016 00:00:00;;;;;;;,
31/03/2016 00:00:00;;;;;;;,
01/04/2016 00:00:00;;;;;;;,
02/04/2016 00:00:00;;;;;;;,
03/04/2016 00:00:00;;;;;;;,
04/04/2016 00:00:00;;;;;;;,
05/04/2016 00:00:00;;;;;;;,
06/04/2016 00:00:00;;;;;;;,
07/04/2016 00:00:00;;;;;;;,
08/04/2016 00:00:00;;;;;;;,
09/04/2016 00:00:00;;;;;;;,
10/04/2016 00:00:00;;;;;;;,
11/04/2016 00:00:00;;;;;;;,
12/04/2016 00:00:00;;;;;;;,
13/04/2016 00:00:00;;;;;;;,
14/04/2016 00:00:00;;;;;;;,
15/04/2016 00:00:00;;;;;;;,
16/04/2016 00:00:00;;;;;;;,
17/04/2016 00:00:00;;;;;;;,
18/04/2016 00:00:00;;;;;;;,
19/04/2016 00:00:00;;;;;;;,
20/04/2016 00:00:00;;;;;;;,
21/04/2016 00:00:00;;;;;;;,
22/04/2016 00:00:00;;;;;;;,
23/04/2016 00:00:00;;;;;;;,
24/04/2016 00:00:00;;;;;;;,
25/04/2016 00:00:00;;;;;;;,
26/04/2016 00:00:00;;;;;;;,
27/04/2016 00:00:00;;;;;;;,
28/04/2016 00:00:00;;;;;;;,
29/04/2016 00:00:00;;;;;;;,
30/04/2016 00:00:00;;;;;;;,
01/05/2016 00:00:00;;;;;;;,
02/05/2016 00:00:00;;;;;;;,
03/05/2016 00:00:00;;;;;;;,
04/05/2016 00:00:00;;;;;;;,
05/05/2016 00:00:00;;;;;;;,
06/05/2016 00:00:00;;;;;;;,
07/05/2016 00:00:00;;;;;;;,
08/05/2016 00:00:00;;;;;;;,
09/05/2016 00:00:00;;;;;;;,
10/05/2016 00:00:00;;;;;;;,
11/05/2016 00:00:00;;;;;;;,
12/05/2016 00:00:00;;;;;;;,
13/05/2016 00:00:00;;;;;;;,
14/05/2016 00:00:00;;;;;;;,
15/05/2016 00:00:00;;;;;;;,
16/05/2016 00:00:00;;;;;;;,
17/05/2016 00:00:00;;;;;;;,
18/05/2016 00:00:00;;;;;;;,
19/05/2016 00:00:00;;;;;;;,
20/05/2016 00:00:00;;;;;;;,
21/05/2016 00:00:00;;;;;;;,
22/05/2016 00:00:00;;;;;;;,
23/05/2016 00:00:00;;;;;;;,
24/05/2016 00:00:00;;;;;;;,
25/05/2016 00:00:00;;;;;;;,
26/05/2016 00:00:00;;;;;;;,
27/05/2016 00:00:00;;;;;;;,
28/05/2016 00:00:00;;;;;;;,
29/05/2016 00:00:00;;;;;;;,
30/05/2016 00:00:00;;;;;;;,
31/05/2016 00:00:00;;;;;;;,
01/06/2016 00:00:00;;;;;;;,
02/06/2016 00:00:00;;;;;;;,
03/06/2016 00:00:00;;;;;;;,
04/06/2016 00:00:00;;;;;;;,
05/06/2016 00:00:00;;;;;;;,
06/06/2016 00:00:00;;;;;;;,
07/06/2016 00:00:00;;;;;;;,
08/06/2016 00:00:00;;;;;;;,
09/06/2016 00:00:00;;;;;;;,
10/06/2016 00:00:00;;;;;;;,
11/06/2016 00:00:00;;;;;;;,
12/06/2016 00:00:00;;;;;;;,
13/06/2016 00:00:00;;;;;;;,
14/06/2016 00:00:00;;;;;;;,
15/06/2016 00:00:00;;;;;;;,
16/06/2016 00:00:00;;;;;;;,
17/06/2016 00:00:00;;;;;;;,
18/06/2016 00:00:00;;;;;;;,
19/06/2016 00:00:00;;;;;;;,
20/06/2016 00:00:00;;;;;;;,
21/06/2016 00:00:00;;;;;;;,
22/06/2016 00:00:00;;;;;;;,
23/06/2016 00:00:00;;;;;;;,
24/06/2016 00:00:00;;;;;;;,
25/06/2016 00:00:00;;;;;;;,
26/06/2016 00:00:00;;;;;;;,
27/06/2016 00:00:00;;;;;;;,
28/06/2016 00:00:00;;;;;;;,
29/06/2016 00:00:00;;;;;;;,
30/06/2016 00:00:00;;;;;;;,
01/07/2016 00:00:00;;;;;;;,
02/07/2016 00:00:00;;;;;;;,
03/07/2016 00:00:00;;;;;;;,
04/07/2016 00:00:00;;;;;;;,
05/07/2016 00:00:00;;;;;;;,
06/07/2016 00:00:00;;;;;;;,
07/07/2016 00:00:00;;;;;;;,
08/07/2016 00:00:00;;;;;;;,
09/07/2016 00:00:00;;;;;;;,
10/07/2016 00:00:00;;;;;;;,
11/07/2016 00:00:00;;;;;;;,
12/07/2016 00:00:00;;;;;;;,
13/07/2016 00:00:00;;;;;;;,
14/07/2016 00:00:00;;;;;;;,
15/07/2016 00:00:00;;;;;;;,
16/07/2016 00:00:00;;;;;;;,
17/07/2016 00:00:00;;;;;;;,
18/07/2016 00:00:00;;;;;;;,
19/07/2016 00:00:00;;;;;;;,
20/07/2016 00:00:00;;;;;;;,
21/07/2016 00:00:00;;;;;;;,
22/07/2016 00:00:00;;;;;;;,
23/07/2016 00:00:00;;;;;;;,
24/07/2016 00:00:00;;;;;;;,
25/07/2016 00:00:00;;;;;;;,
26/07/2016 00:00:00;;;;;;;,
27/07/2016 00:00:00;;;;;;;,
28/07/2016 00:00:00;;;;;;;,
29/07/2016 00:00:00;;;;;;;,
30/07/2016 00:00:00;;;;;;;,
31/07/2016 00:00:00;;;;;;;,
01/08/2016 00:00:00;;;;;;;,
02/08/2016 00:00:00;;;;;;;,
03/08/2016 00:00:00;;;;;;;,
04/08/2016 00:00:00;;;;;;;,
05/08/2016 00:00:00;;;;;;;,
06/08/2016 00:00:00;;;;;;;,
07/08/2016 00:00:00;;;;;;;,
08/08/2016 00:00:00;;;;;;;,
09/08/2016 00:00:00;;;;;;;,
10/08/2016 00:00:00;;;;;;;,
11/08/2016 00:00:00;;;;;;;,
12/08/2016 00:00:00;;;;;;;,
13/08/2016 00:00:00;;;;;;;,
14/08/2016 00:00:00;;;;;;;,
15/08/2016 00:00:00;;;;;;;,
16/08/2016 00:00:00;;;;;;;,
17/08/2016 00:00:00;;;;;;;,
18/08/2016 00:00:00;;;;;;;,
19/08/2016 00:00:00;;;;;;;,
20/08/2016 00:00:00;;;;;;;,
21/08/2016 00:00:00;;;;;;;,
22/08/2016 00:00:00;;;;;;;,
23/08/2016 00:00:00;;;;;;;,
24/08/2016 00:00:00;;;;;;;,
25/08/2016 00:00:00;;;;;;;,
26/08/2016 00:00:00;;;;;;;,
27/08/2016 00:00:00;;;;;;;,
28/08/2016 00:00:00;;;;;;;,
29/08/2016 00:00:00;;;;;;;,
30/08/2016 00:00:00;;;;;;;,
31/08/2016 00:00:00;;;;;;;,
01/09/2016 00:00:00;;;;;;;,
02/09/2016 00:00:00;;;;;;;,
03/09/2016 00:00:00;;;;;;;,
04/09/2016 00:00:00;;;;;;;,
05/09/2016 00:00:00;;;;;;;,
06/09/2016 00:00:00;;;;;;;,
07/09/2016 00:00:00;;;;;;;,
08/09/2016 00:00:00;;;;;;;,
09/09/2016 00:00:00;;;;;;;,
10/09/2016 00:00:00;;;;;;;,
11/09/2016 00:00:00;;;;;;;,
12/09/2016 00:00:00;;;;;;;,
13/09/2016 00:00:00;;;;;;;,
14/09/2016 00:00:00;;;;;;;,
15/09/2016 00:00:00;;;;;;;,
16/09/2016 00:00:00;;;;;;;,
17/09/2016 00:00:00;;;;;;;,
18/09/2016 00:00:00;;;;;;;,
19/09/2016 00:00:00;;;;;;;,
20/09/2016 00:00:00;;;;;;;,
21/09/2016 00:00:00;;;;;;;,
22/09/2016 00:00:00;;;;;;;,
23/09/2016 00:00:00;;;;;;;,
24/09/2016 00:00:00;;;;;;;,
25/09/2016 00:00:00;;;;;;;,
26/09/2016 00:00:00;;;;;;;,
27/09/2016 00:00:00;;;;;;;,
28/09/2016 00:00:00;;;;;;;,
29/09/2016 00:00:00;;;;;;;,
30/09/2016 00:00:00;;;;;;;,
01/10/2016 00:00:00;;;;;;;,
02/10/2016 00:00:00;;;;;;;,
03/10/2016 00:00:00;;;;;;;,
04/10/2016 00:00:00;;;;;;;,
05/10/2016 00:00:00;;;;;;;,
06/10/2016 00:00:00;;;;;;;,
07/10/2016 00:00:00;;;;;;;,
08/10/2016 00:00:00;;;;;;;,
09/10/2016 00:00:00;;;;;;;,
10/10/2016 00:00:00;;;;;;;,
11/10/2016 00:00:00;;;;;;;,
12/10/2016 00:00:00;;;;;;;,
13/10/2016 00:00:00;;;;;;;,
14/10/2016 00:00:00;;;;;;;,
15/10/2016 00:00:00;;;;;;;,
16/10/2016 00:00:00;;;;;;;,
17/10/2016 00:00:00;;;;;;;,
18/10/2016 00:00:00;;;;;;;,
19/10/2016 00:00:00;;;;;;;,
20/10/2016 00:00:00;;;;;;;,
21/10/2016 00:00:00;;;;;;;,
22/10/2016 00:00:00;;;;;;;,
23/10/2016 00:00:00;;;;;;;,
24/10/2016 00:00:00;;;;;;;,
25/10/2016 00:00:00;;;;;;;,
26/10/2016 00:00:00;;;;;;;,
27/10/2016 00:00:00;;;;;;;,
28/10/2016 00:00:00;;;;;;;,
29/10/2016 00:00:00;;;;;;;,
30/10/2016 00:00:00;;;;;;;,
31/10/2016 00:00:00;;;;;;;,
01/11/2016 00:00:00;;;;;;;,
02/11/2016 00:00:00;;;;;;;,
03/11/2016 00:00:00;21.18;13.7;8.86;;;;0.0,
04/11/2016 00:00:00;15.37;13.78;12.01;66.94;85.6;39.73;2.86,
05/11/2016 00:00:00;14.31;9.29;5.15;89.44;96.4;70.3;34.93,
06/11/2016 00:00:00;6.71;4.29;2.95;91.34;95.5;83.6;16.54,
07/11/2016 00:00:00;3.43;1.43;-0.32;94.71;96.2;90.1;28.16,
08/11/2016 00:00:00;7.13;3.18;-0.27;93.0;96.5;68.28;21.99,
09/11/2016 00:00:00;8.76;7.22;5.62;89.68;94.6;79.73;30.65,
10/11/2016 00:00:00;8.97;7.8;6.41;88.19;93.2;80.1;6.09,
11/11/2016 00:00:00;9.51;8.13;6.97;94.68;96.9;85.4;13.7,
12/11/2016 00:00:00;14.44;9.47;4.99;88.06;96.8;56.75;12.0,
13/11/2016 00:00:00;11.38;8.95;6.65;97.44;97.7;96.8;13.32,
14/11/2016 00:00:00;9.09;6.6;2.56;87.61;97.3;74.01;0.19,
15/11/2016 00:00:00;11.32;5.11;2.52;89.2;95.1;67.35;0.0,
16/11/2016 00:00:00;11.04;5.72;1.23;88.61;95.7;73.43;0.0,
17/11/2016 00:00:00;18.03;10.83;5.4;66.52;94.6;37.76;0.0,
18/11/2016 00:00:00;13.68;10.62;7.89;76.12;91.0;57.26;0.0,
19/11/2016 00:00:00;11.73;9.22;6.01;69.61;94.6;48.34;2.28,
20/11/2016 00:00:00;11.41;10.6;9.55;67.29;78.85;53.3;0.1,
21/11/2016 00:00:00;14.5;11.83;9.48;66.68;90.3;44.36;2.0,
22/11/2016 00:00:00;9.99;6.98;4.19;91.34;96.4;69.59;28.19,
23/11/2016 00:00:00;5.13;1.26;-0.57;95.74;97.1;88.1;53.81,
24/11/2016 00:00:00;8.94;5.31;2.72;76.94;91.3;66.59;21.9,
25/11/2016 00:00:00;10.38;5.99;2.15;64.01;83.8;45.07;0.0,
26/11/2016 00:00:00;10.71;7.93;5.9;55.1;72.07;41.54;0.1,
27/11/2016 00:00:00;16.79;10.91;5.97;59.35;77.63;37.18;0.0,
28/11/2016 00:00:00;8.98;6.0;2.19;90.4;96.5;76.13;0.57,
29/11/2016 00:00:00;12.96;8.17;5.69;76.78;94.5;54.05;0.0,
30/11/2016 00:00:00;12.87;10.2;7.71;63.26;70.26;55.26;0.0,
01/12/2016 00:00:00;15.65;9.65;6.2;62.44;72.93;45.92;0.0,
02/12/2016 00:00:00;15.05;8.07;4.67;75.26;87.7;51.9;0.0,
03/12/2016 00:00:00;14.69;9.31;4.51;59.09;87.8;32.36;0.0,
04/12/2016 00:00:00;13.71;12.34;10.68;59.05;64.85;55.04;0.0,
05/12/2016 00:00:00;16.15;12.39;8.66;58.09;76.46;45.48;0.0,
06/12/2016 00:00:00;17.76;11.34;7.34;63.91;75.51;40.96;0.0,
07/12/2016 00:00:00;12.84;9.8;6.69;68.41;76.8;60.89;0.0,
08/12/2016 00:00:00;14.55;11.26;7.97;50.06;66.37;33.57;0.0,
09/12/2016 00:00:00;14.7;11.57;8.86;52.61;66.54;41.78;0.0,
10/12/2016 00:00:00;16.7;10.86;7.21;64.42;75.61;46.2;0.0,
11/12/2016 00:00:00;14.7;9.84;6.71;60.86;78.08;41.12;0.0,
12/12/2016 00:00:00;15.07;10.25;5.48;67.43;90.6;51.68;0.0,
13/12/2016 00:00:00;15.63;9.7;5.43;50.52;89.0;25.05;0.0,
14/12/2016 00:00:00;12.38;9.2;4.99;58.5;74.45;49.81;0.0,
15/12/2016 00:00:00;11.23;7.87;4.29;60.83;76.29;42.78;0.0,
16/12/2016 00:00:00;11.31;8.88;5.47;66.97;86.3;56.07;0.0,
17/12/2016 00:00:00;13.78;7.95;4.22;83.05;92.7;63.45;0.0,
18/12/2016 00:00:00;12.51;6.09;1.89;76.36;89.8;51.04;0.0,
19/12/2016 00:00:00;6.25;3.68;0.84;88.78;94.4;80.5;0.29,
20/12/2016 00:00:00;4.79;3.59;2.84;91.99;96.5;81.0;3.04,
21/12/2016 00:00:00;7.45;4.66;2.18;90.02;95.4;83.8;0.1,
22/12/2016 00:00:00;10.32;8.22;5.11;94.18;96.7;88.6;6.18,
23/12/2016 00:00:00;10.81;9.31;8.54;94.93;97.0;87.7;1.05,
24/12/2016 00:00:00;10.0;8.63;6.07;96.72;97.3;92.9;7.32,
25/12/2016 00:00:00;8.95;6.74;3.63;93.68;96.5;89.1;0.0,
26/12/2016 00:00:00;7.54;5.6;3.9;89.51;97.3;80.2;0.0,
27/12/2016 00:00:00;12.13;6.78;2.85;78.98;92.4;56.09;0.0,
28/12/2016 00:00:00;18.25;12.93;7.46;27.32;60.26;16.5;0.0,
29/12/2016 00:00:00;14.28;7.6;0.53;46.82;95.8;25.23;0.0,
30/12/2016 00:00:00;13.57;5.79;-0.67;51.34;95.9;29.31;0.0,
31/12/2016 00:00:00;11.15;5.65;2.17;57.54;75.12;40.03;0.0,
01/01/2017 00:00:00;8.17;1.91;-2.3;78.22;90.3;57.97;0.0,
02/01/2017 00:00:00;10.26;4.96;-2.56;49.49;88.4;28.2;0.0,
03/01/2017 00:00:00;11.45;4.65;0.97;47.43;68.45;28.42;0.0,
04/01/2017 00:00:00;9.46;2.89;-0.62;52.4;73.9;22.74;0.0,
05/01/2017 00:00:00;6.5;0.76;-2.9;61.55;85.7;38.65;0.0,
06/01/2017 00:00:00;9.31;1.23;-3.15;59.98;86.5;16.02;0.0,
07/01/2017 00:00:00;6.13;-0.25;-4.04;67.63;89.0;46.1;0.0,
08/01/2017 00:00:00;7.82;2.28;-2.08;69.96;96.6;21.46;0.1,
09/01/2017 00:00:00;8.82;4.87;3.43;74.31;85.0;56.58;0.0,
10/01/2017 00:00:00;6.32;5.11;3.66;95.32;97.8;81.2;50.93,
11/01/2017 00:00:00;9.73;7.55;4.52;97.79;97.9;97.6;32.93,
12/01/2017 00:00:00;14.93;9.33;5.31;87.51;97.9;66.3;6.0,
13/01/2017 00:00:00;5.17;2.04;-0.48;91.03;96.6;76.22;25.69,
14/01/2017 00:00:00;0.9;-0.12;-0.8;96.1;96.9;94.0;26.93,
15/01/2017 00:00:00;4.95;1.79;-0.5;96.53;97.8;87.5;83.74,
16/01/2017 00:00:00;6.27;5.21;1.91;97.24;98.0;92.7;51.86,
17/01/2017 00:00:00;1.79;-1.63;-5.14;70.31;93.5;53.12;0.48,
18/01/2017 00:00:00;-3.75;-5.31;-6.91;82.45;91.3;72.41;0.0,
19/01/2017 00:00:00;1.5;-2.92;-5.39;82.74;91.2;66.83;0.0,
20/01/2017 00:00:00;6.57;0.06;-5.17;70.34;90.8;46.69;0.0,
21/01/2017 00:00:00;11.05;3.69;0.17;64.54;80.7;42.04;0.0,
22/01/2017 00:00:00;4.76;1.64;-0.8;82.24;92.2;71.28;0.0,
23/01/2017 00:00:00;8.28;3.3;0.05;79.98;88.9;61.08;0.0,
24/01/2017 00:00:00;8.34;3.11;-1.61;80.86;91.7;55.84;0.0,
25/01/2017 00:00:00;5.2;-0.25;-3.32;75.81;90.0;55.27;0.0,
26/01/2017 00:00:00;7.34;3.91;-1.68;51.64;67.24;41.99;0.0,
27/01/2017 00:00:00;8.68;7.01;5.15;65.71;84.3;46.34;0.1,
28/01/2017 00:00:00;10.71;5.36;1.8;80.21;93.6;49.12;3.24,
29/01/2017 00:00:00;12.29;7.69;2.22;67.84;87.4;48.8;0.1,
30/01/2017 00:00:00;12.6;10.53;7.89;72.79;81.8;66.83;0.0,
31/01/2017 00:00:00;16.63;13.14;10.86;56.67;70.84;44.07;0.0,
01/02/2017 00:00:00;15.53;13.11;11.13;51.75;63.04;39.46;0.0,
02/02/2017 00:00:00;12.25;9.4;6.53;65.09;78.22;52.7;4.57,
03/02/2017 00:00:00;12.59;8.84;6.72;57.89;75.71;38.58;0.48,
04/02/2017 00:00:00;12.65;9.02;6.32;78.82;95.3;60.57;17.61,
05/02/2017 00:00:00;12.31;5.17;1.94;80.05;94.5;56.33;29.8,
06/02/2017 00:00:00;9.17;5.81;3.21;91.19;96.5;75.24;12.37,
07/02/2017 00:00:00;9.84;6.75;1.35;93.11;96.4;87.5;18.85,
08/02/2017 00:00:00;4.32;1.86;0.2;94.21;96.6;82.5;29.89,
09/02/2017 00:00:00;10.08;4.56;-1.41;65.08;95.8;35.74;0.57,
10/02/2017 00:00:00;10.32;7.65;4.13;42.88;70.96;30.01;0.0,
11/02/2017 00:00:00;9.91;5.76;1.91;66.29;93.9;33.85;1.05,
12/02/2017 00:00:00;14.43;9.67;2.96;55.8;95.0;31.9;0.19,
13/02/2017 00:00:00;13.79;11.18;7.13;57.28;90.1;33.17;1.62,
14/02/2017 00:00:00;14.35;9.32;4.25;62.98;84.8;43.24;0.0,
15/02/2017 00:00:00;16.01;11.22;7.44;55.3;78.41;41.35;0.0,
16/02/2017 00:00:00;16.04;10.93;7.18;63.12;79.62;44.05;0.0,
17/02/2017 00:00:00;18.24;10.78;6.17;63.66;81.5;41.05;0.0,
18/02/2017 00:00:00;15.78;9.21;6.22;74.26;93.0;49.23;0.0,
19/02/2017 00:00:00;11.38;7.37;4.33;86.56;93.7;71.45;0.0,
20/02/2017 00:00:00;11.31;7.4;4.93;78.89;93.0;58.96;0.0,
21/02/2017 00:00:00;13.56;7.16;2.46;78.39;91.9;54.55;0.0,
22/02/2017 00:00:00;19.93;10.7;3.22;66.29;94.6;34.36;0.0,
23/02/2017 00:00:00;18.56;12.04;6.82;55.44;93.9;27.94;0.0,
24/02/2017 00:00:00;7.13;5.02;1.02;85.02;96.6;76.8;2.09,
25/02/2017 00:00:00;16.21;6.96;-0.49;63.73;90.8;35.61;0.0,
26/02/2017 00:00:00;16.34;9.16;4.23;73.14;91.7;50.53;0.0,
27/02/2017 00:00:00;14.51;10.33;5.7;64.04;92.4;39.64;0.1,
28/02/2017 00:00:00;10.42;6.3;2.22;75.98;93.4;53.72;8.57,
01/03/2017 00:00:00;14.54;9.05;1.81;66.93;92.8;48.74;0.0,
02/03/2017 00:00:00;17.48;11.86;5.62;60.72;85.6;41.0;0.0,
03/03/2017 00:00:00;16.94;11.21;1.72;61.36;95.5;35.32;42.38,
04/03/2017 00:00:00;7.34;3.99;2.09;74.85;95.8;53.7;3.71,
05/03/2017 00:00:00;12.11;7.83;4.13;75.56;89.9;58.89;0.76,
06/03/2017 00:00:00;11.96;9.32;6.87;81.35;93.0;68.04;6.28,
07/03/2017 00:00:00;9.7;7.9;5.88;91.88;97.0;81.4;12.75,
08/03/2017 00:00:00;16.89;10.37;6.78;87.15;97.3;58.79;3.71,
09/03/2017 00:00:00;22.3;12.99;5.47;66.63;96.5;36.79;0.0,
10/03/2017 00:00:00;26.32;17.09;10.32;31.95;67.89;15.02;0.0,
11/03/2017 00:00:00;25.9;15.72;9.34;48.12;86.9;17.95;0.0,
12/03/2017 00:00:00;9.94;7.07;5.06;91.8;97.4;73.63;42.28,
13/03/2017 00:00:00;7.43;6.48;5.48;97.67;97.8;97.5;21.79,
14/03/2017 00:00:00;13.99;9.01;6.13;88.29;97.6;70.42;0.0,
15/03/2017 00:00:00;17.21;10.1;6.11;83.54;97.2;57.33;0.0,
16/03/2017 00:00:00;21.35;16.05;9.45;37.68;79.64;22.02;0.0,
17/03/2017 00:00:00;17.66;11.44;7.07;64.41;96.5;24.25;0.1,
18/03/2017 00:00:00;13.3;7.7;4.05;81.14;94.5;61.23;0.0,
19/03/2017 00:00:00;16.1;8.09;3.25;82.41;96.1;55.69;0.0,
20/03/2017 00:00:00;10.98;7.06;5.65;90.8;96.9;76.04;0.38,
21/03/2017 00:00:00;8.69;5.99;3.53;90.08;97.0;78.29;4.47,
22/03/2017 00:00:00;11.99;5.42;2.07;74.77;96.4;42.33;12.29,
23/03/2017 00:00:00;9.13;4.49;0.09;63.76;96.0;39.62;0.1,
24/03/2017 00:00:00;11.18;6.19;2.71;65.62;77.85;49.38;0.19,
25/03/2017 00:00:00;6.8;4.1;2.59;86.64;97.0;70.09;6.65,
26/03/2017 00:00:00;15.69;10.79;6.43;52.07;71.82;30.89;0.0,
27/03/2017 00:00:00;13.22;10.9;8.48;53.38;66.06;32.14;0.0,
28/03/2017 00:00:00;17.44;12.23;8.59;56.29;74.69;36.12;0.0,
29/03/2017 00:00:00;22.87;15.14;7.96;49.81;74.21;24.57;0.0,
30/03/2017 00:00:00;21.54;17.46;12.23;36.25;55.43;21.65;0.0,
31/03/2017 00:00:00;18.3;13.61;5.11;57.79;96.3;34.87;11.62,
01/04/2017 00:00:00;7.13;6.05;5.19;90.88;96.6;79.54;26.37,
02/04/2017 00:00:00;10.09;6.19;4.9;93.41;97.3;74.52;22.95,
03/04/2017 00:00:00;15.69;9.09;3.46;78.74;95.2;58.15;0.0,
04/04/2017 00:00:00;12.7;8.35;6.29;88.45;97.0;64.55;2.38,
05/04/2017 00:00:00;10.18;7.45;5.53;93.7;97.5;82.2;4.95,
06/04/2017 00:00:00;15.35;9.04;5.48;76.59;94.4;56.45;0.0,
07/04/2017 00:00:00;20.17;11.43;3.74;73.12;95.0;48.31;0.0,
08/04/2017 00:00:00;24.85;17.88;10.16;34.82;74.58;20.31;0.0,
09/04/2017 00:00:00;25.34;19.04;13.94;34.71;57.52;21.04;0.0,
10/04/2017 00:00:00;23.63;15.56;8.74;58.54;95.1;30.77;0.0,
11/04/2017 00:00:00;16.46;10.92;8.57;78.15;93.1;53.14;0.0,
12/04/2017 00:00:00;21.32;12.36;4.93;71.03;95.2;45.52;0.0,
13/04/2017 00:00:00;21.46;13.41;6.49;62.5;79.96;40.2;0.0,
14/04/2017 00:00:00;15.34;9.97;7.11;80.13;95.5;64.99;0.0,
15/04/2017 00:00:00;11.25;8.89;6.97;89.8;96.6;79.11;1.05,
16/04/2017 00:00:00;16.43;9.42;5.07;75.95;89.7;52.94;0.0,
17/04/2017 00:00:00;19.51;11.16;5.75;75.64;94.6;43.94;0.0,
18/04/2017 00:00:00;15.91;10.94;7.75;69.47;94.1;39.35;0.0,
19/04/2017 00:00:00;14.23;8.89;3.67;39.28;55.17;26.55;0.0,
20/04/2017 00:00:00;14.73;9.0;1.49;37.13;62.19;23.66;0.0,
21/04/2017 00:00:00;21.32;13.5;5.25;40.4;63.35;27.72;0.0,
22/04/2017 00:00:00;24.81;16.56;9.32;28.45;45.59;16.03;0.0,
23/04/2017 00:00:00;23.12;15.86;9.78;42.15;63.95;22.29;0.0,
24/04/2017 00:00:00;25.66;16.54;9.7;51.13;71.13;26.32;0.0,
25/04/2017 00:00:00;14.41;9.54;6.83;81.12;96.6;53.73;6.95,
26/04/2017 00:00:00;9.04;5.02;2.37;80.54;97.0;54.91;5.43,
27/04/2017 00:00:00;10.06;4.5;1.87;68.8;90.3;45.69;0.76,
28/04/2017 00:00:00;13.2;7.05;0.62;60.14;86.8;36.5;0.0,
29/04/2017 00:00:00;15.74;11.24;4.94;47.7;64.54;34.14;0.0,
30/04/2017 00:00:00;13.83;8.42;3.57;77.37;96.8;58.02;20.86,
01/05/2017 00:00:00;13.93;7.83;3.42;69.48;92.6;41.35;0.29,
02/05/2017 00:00:00;10.31;9.25;8.31;92.21;96.4;83.4;7.52,
03/05/2017 00:00:00;19.27;12.31;7.5;82.39;96.7;58.21;0.19,
04/05/2017 00:00:00;19.77;14.18;7.73;76.81;96.1;57.37;0.0,
05/05/2017 00:00:00;25.27;18.53;10.25;55.78;95.9;34.94;13.62,
06/05/2017 00:00:00;18.16;11.99;6.62;69.07;95.3;45.83;3.71,
07/05/2017 00:00:00;19.81;12.51;6.39;62.02;78.91;44.19;0.0,
08/05/2017 00:00:00;20.11;11.89;5.06;62.63;94.6;26.75;0.0,
09/05/2017 00:00:00;21.76;14.9;7.73;70.47;95.7;42.45;0.0,
10/05/2017 00:00:00;22.86;16.43;11.31;62.64;91.8;41.34;7.62,
11/05/2017 00:00:00;18.25;14.85;11.0;62.47;79.02;45.13;1.33,
12/05/2017 00:00:00;18.23;14.67;12.22;59.99;80.2;44.58;0.1,
13/05/2017 00:00:00;19.48;14.92;10.55;64.7;87.7;40.13;0.1,
14/05/2017 00:00:00;22.33;16.94;9.83;57.38;74.36;40.6;0.0,
15/05/2017 00:00:00;25.68;19.73;12.63;50.75;75.82;30.58;0.0,
16/05/2017 00:00:00;28.01;21.59;15.86;52.88;68.93;34.25;0.0,
17/05/2017 00:00:00;24.03;17.59;11.06;62.96;93.4;29.74;0.0,
18/05/2017 00:00:00;11.7;8.75;6.53;95.22;96.8;93.0;31.7,
19/05/2017 00:00:00;12.7;7.73;4.51;84.69;94.3;70.02;1.62,
20/05/2017 00:00:00;17.85;10.92;4.73;78.23;93.5;57.8;0.1,
21/05/2017 00:00:00;26.28;19.82;8.19;36.43;64.88;22.04;0.0,
22/05/2017 00:00:00;23.06;18.64;11.07;61.53;92.2;31.96;0.0,
23/05/2017 00:00:00;21.06;14.4;10.15;79.35;93.7;60.14;0.0,
24/05/2017 00:00:00;26.57;19.55;10.92;67.67;96.0;41.63;0.0,
25/05/2017 00:00:00;31.48;24.48;17.95;44.36;76.72;24.07;0.0,
26/05/2017 00:00:00;31.89;22.61;14.45;54.54;95.8;23.5;6.57,
27/05/2017 00:00:00;30.34;22.57;13.18;57.77;96.2;30.27;0.0,
28/05/2017 00:00:00;27.6;24.24;21.11;38.69;56.4;27.77;0.0,
29/05/2017 00:00:00;22.58;17.03;13.18;74.62;96.8;28.24;6.66,
30/05/2017 00:00:00;15.47;13.9;12.75;96.7;97.1;95.7;2.47,
31/05/2017 00:00:00;22.35;16.88;12.75;82.84;96.9;62.34;0.0,
01/06/2017 00:00:00;26.48;19.58;12.51;74.64;95.7;53.34;0.0,
02/06/2017 00:00:00;22.62;16.47;13.87;89.31;96.8;59.04;2.66,
03/06/2017 00:00:00;14.89;12.76;9.38;96.99;97.3;96.2;24.75,
04/06/2017 00:00:00;11.59;10.16;9.05;95.42;97.2;88.3;16.66,
05/06/2017 00:00:00;20.56;14.36;9.48;75.08;97.0;41.9;2.0,
06/06/2017 00:00:00;17.92;11.8;8.46;84.51;95.2;47.15;2.66,
07/06/2017 00:00:00;21.73;14.68;7.34;73.48;93.5;55.38;0.0,
08/06/2017 00:00:00;29.54;20.96;12.98;56.92;95.7;33.27;4.85,
09/06/2017 00:00:00;18.96;15.61;13.22;90.24;96.7;77.69;0.0,
10/06/2017 00:00:00;29.64;21.17;14.22;78.22;96.4;49.99;0.0,
11/06/2017 00:00:00;26.89;18.46;14.44;84.26;96.0;63.89;0.38,
12/06/2017 00:00:00;19.6;16.88;13.94;89.11;96.5;76.64;0.48,
13/06/2017 00:00:00;29.11;20.31;15.1;84.39;96.6;52.97;0.0,
14/06/2017 00:00:00;29.87;21.34;16.42;85.55;96.9;58.87;0.11,
15/06/2017 00:00:00;16.98;15.77;14.66;96.7;97.0;96.1;3.26,
16/06/2017 00:00:00;22.06;17.18;14.37;88.31;97.1;70.3;0.63,
17/06/2017 00:00:00;27.13;21.46;14.77;62.09;92.6;47.49;0.0,
18/06/2017 00:00:00;29.92;23.67;14.79;61.03;84.9;44.91;0.0,
19/06/2017 00:00:00;33.27;27.69;22.19;38.85;64.15;27.08;0.0,
20/06/2017 00:00:00;31.69;25.84;20.61;51.54;74.62;35.37;0.0,
21/06/2017 00:00:00;33.62;26.46;20.65;53.23;70.88;36.79;0.0,
22/06/2017 00:00:00;28.08;21.39;15.85;78.16;96.7;59.48;1.26,
23/06/2017 00:00:00;18.41;16.23;14.68;95.25;96.7;89.0;1.26,
24/06/2017 00:00:00;19.58;15.96;14.51;89.03;96.0;73.05;0.32,
25/06/2017 00:00:00;20.29;17.15;13.98;86.18;95.3;74.07;1.26,
26/06/2017 00:00:00;24.04;19.36;14.89;74.88;94.8;50.06;2.31,
27/06/2017 00:00:00;21.82;16.07;13.55;91.74;95.7;75.42;3.04,
28/06/2017 00:00:00;20.7;14.48;10.97;83.86;95.4;55.36;10.49,
29/06/2017 00:00:00;17.31;12.32;9.57;76.84;94.7;55.98;4.93,
30/06/2017 00:00:00;13.2;10.52;8.4;86.99;95.6;75.43;10.81,
01/07/2017 00:00:00;10.85;9.97;9.01;94.84;96.6;88.6;30.12,
02/07/2017 00:00:00;16.28;12.45;9.64;91.04;97.0;79.84;3.99,
03/07/2017 00:00:00;21.31;16.87;10.96;79.01;94.4;64.23;0.0,
04/07/2017 00:00:00;31.58;23.43;13.12;60.11;96.4;27.08;0.0,
05/07/2017 00:00:00;33.63;25.72;16.26;46.33;96.5;22.8;0.0,
06/07/2017 00:00:00;29.39;22.32;15.14;61.37;97.0;33.28;0.11,
07/07/2017 00:00:00;29.19;23.79;17.89;67.19;96.5;43.68;0.0,
08/07/2017 00:00:00;24.64;17.59;15.34;91.87;97.1;67.1;3.26,
09/07/2017 00:00:00;24.35;17.54;13.83;87.03;96.8;62.44;12.38,
10/07/2017 00:00:00;16.35;14.79;13.9;96.02;97.0;94.1;8.6,
11/07/2017 00:00:00;23.85;17.75;13.24;86.94;96.5;71.93;0.0,
12/07/2017 00:00:00;23.28;17.68;13.55;82.66;94.9;65.96;0.0,
13/07/2017 00:00:00;21.41;16.8;14.59;87.54;96.6;70.54;0.21,
14/07/2017 00:00:00;19.71;15.82;13.67;86.43;96.5;67.49;0.95,
15/07/2017 00:00:00;22.14;16.88;13.88;82.45;95.6;63.82;0.0,
16/07/2017 00:00:00;26.67;20.7;12.86;72.61;97.0;53.04;0.11,
17/07/2017 00:00:00;30.95;26.04;18.75;53.63;81.8;32.62;0.74,
18/07/2017 00:00:00;34.27;25.86;16.59;45.68;91.2;26.91;7.97,
19/07/2017 00:00:00;24.1;19.08;15.8;83.9;96.6;47.35;8.18,
20/07/2017 00:00:00;16.54;14.43;12.93;95.51;96.9;89.6;5.78,
21/07/2017 00:00:00;16.38;13.99;11.96;94.08;96.6;89.3;5.04,
22/07/2017 00:00:00;21.86;15.64;12.07;84.94;96.3;61.59;1.05,
23/07/2017 00:00:00;20.13;15.4;13.25;87.41;96.1;70.56;0.0,
24/07/2017 00:00:00;15.98;14.69;13.22;94.97;97.1;87.8;25.71,
25/07/2017 00:00:00;15.52;13.68;12.43;95.23;97.2;87.6;5.14,
26/07/2017 00:00:00;23.32;17.0;12.55;83.52;96.4;61.81;0.21,
27/07/2017 00:00:00;25.86;19.34;12.74;72.38;93.0;43.42;0.0,
28/07/2017 00:00:00;24.16;18.55;15.38;89.05;96.4;70.3;0.42,
29/07/2017 00:00:00;27.61;20.58;14.6;83.2;95.4;63.12;0.0,
30/07/2017 00:00:00;23.45;18.4;14.74;87.7;96.8;66.97;1.89,
31/07/2017 00:00:00;21.39;16.64;14.02;86.07;96.6;69.75;0.0,
01/08/2017 00:00:00;18.24;16.2;14.56;91.15;96.1;84.2;0.11,
02/08/2017 00:00:00;27.08;20.09;13.61;83.48;96.1;64.3;0.0,
03/08/2017 00:00:00;26.88;20.32;16.54;84.62;96.5;64.17;0.11,
04/08/2017 00:00:00;28.31;21.37;15.28;78.23;95.9;55.99;0.0,
05/08/2017 00:00:00;19.33;16.78;12.7;94.11;96.7;80.7;5.04,
06/08/2017 00:00:00;20.21;15.48;12.49;77.97;94.9;55.98;0.0,
07/08/2017 00:00:00;25.69;17.38;12.46;86.77;96.5;66.94;12.9,
08/08/2017 00:00:00;16.18;13.12;11.17;94.13;97.0;86.0;13.43,
09/08/2017 00:00:00;16.76;11.86;10.38;91.0;96.4;64.83;5.56,
10/08/2017 00:00:00;14.15;12.17;10.1;92.93;96.7;82.2;13.64,
11/08/2017 00:00:00;19.22;13.26;9.54;82.22;94.3;60.54;0.11,
12/08/2017 00:00:00;22.99;15.38;9.0;79.63;95.8;56.07;0.0,
13/08/2017 00:00:00;24.94;18.37;12.59;79.11;96.3;58.83;0.0,
14/08/2017 00:00:00;32.6;24.81;15.35;49.18;91.9;24.86;0.0,
15/08/2017 00:00:00;21.34;17.13;15.35;91.68;96.6;73.16;1.37,
16/08/2017 00:00:00;19.19;16.52;15.0;93.42;96.9;85.0;0.53,
17/08/2017 00:00:00;26.66;19.1;12.08;71.24;95.2;48.75;0.0,
18/08/2017 00:00:00;18.49;16.24;14.0;95.1;96.7;89.2;1.47,
19/08/2017 00:00:00;21.8;15.73;11.6;82.57;95.5;58.03;0.0,
20/08/2017 00:00:00;22.15;15.68;9.34;74.7;95.0;50.88;0.0,
21/08/2017 00:00:00;30.64;22.23;12.8;54.94;76.94;24.69;0.0,
22/08/2017 00:00:00;32.15;24.99;16.36;53.27;95.7;26.07;0.0,
23/08/2017 00:00:00;22.39;17.9;14.94;89.41;96.4;75.41;0.84,
24/08/2017 00:00:00;28.04;19.89;14.45;83.82;96.9;58.95;0.32,
25/08/2017 00:00:00;28.42;20.25;15.71;85.16;96.9;58.15;0.63,
26/08/2017 00:00:00;29.11;22.0;15.38;72.29;97.2;34.77;2.94,
27/08/2017 00:00:00;25.77;22.92;18.42;58.28;94.9;36.54;8.6,
28/08/2017 00:00:00;29.32;21.9;17.19;69.06;96.6;45.06;8.5,
29/08/2017 00:00:00;25.85;19.26;14.94;84.32;96.8;63.67;9.34,
30/08/2017 00:00:00;25.3;18.43;12.77;78.71;97.0;53.08;27.69,
31/08/2017 00:00:00;18.93;13.43;8.78;87.98;97.3;65.21;6.3,
01/09/2017 00:00:00;16.3;12.05;8.58;89.82;96.6;71.75;4.41,
02/09/2017 00:00:00;18.93;12.61;10.4;90.79;96.6;69.19;7.03,
03/09/2017 00:00:00;23.09;15.93;9.07;69.3;94.4;33.44;0.32,
04/09/2017 00:00:00;21.77;16.55;13.36;87.77;96.2;69.75;5.14,
05/09/2017 00:00:00;24.67;17.28;13.01;86.08;95.6;61.62;0.0,
06/09/2017 00:00:00;18.98;15.21;12.44;88.25;96.6;69.69;3.15,
07/09/2017 00:00:00;18.49;13.96;9.4;76.06;90.9;58.01;0.0,
08/09/2017 00:00:00;22.28;14.57;9.15;81.8;95.7;55.02;0.0,
09/09/2017 00:00:00;15.04;11.94;9.11;92.41;96.2;81.9;40.08,
10/09/2017 00:00:00;14.22;11.29;9.07;94.97;97.5;88.2;42.8,
11/09/2017 00:00:00;15.54;13.37;11.04;94.07;96.9;82.9;24.34,
12/09/2017 00:00:00;17.93;13.43;10.69;86.18;96.6;66.99;3.99,
13/09/2017 00:00:00;25.56;17.57;12.68;82.94;96.4;53.6;0.42,
14/09/2017 00:00:00;15.62;12.08;8.24;90.6;97.1;73.44;10.19,
15/09/2017 00:00:00;13.56;9.88;7.78;91.25;96.2;77.81;9.86,
16/09/2017 00:00:00;13.22;8.57;5.92;88.46;96.7;71.71;4.41,
17/09/2017 00:00:00;16.52;11.17;6.54;79.4;94.4;57.15;0.0,
18/09/2017 00:00:00;13.9;11.34;9.55;93.9;96.9;80.5;13.12,
19/09/2017 00:00:00;16.72;11.25;7.08;84.48;96.7;60.33;0.0,
20/09/2017 00:00:00;21.62;12.63;5.68;70.85;95.7;33.9;0.11,
21/09/2017 00:00:00;22.98;15.67;10.76;64.73;93.7;38.73;0.0,
22/09/2017 00:00:00;16.42;12.56;10.65;91.6;96.6;76.59;3.99,
23/09/2017 00:00:00;24.48;17.08;11.28;72.94;93.9;48.92;0.0,
24/09/2017 00:00:00;27.33;19.45;13.09;70.85;96.5;37.09;0.11,
25/09/2017 00:00:00;15.84;13.4;11.46;92.52;96.9;82.3;11.54,
26/09/2017 00:00:00;20.08;13.93;10.25;82.7;96.8;61.94;0.0,
27/09/2017 00:00:00;24.51;17.57;10.69;65.95;85.5;44.29;0.0,
28/09/2017 00:00:00;26.14;19.87;15.6;61.5;74.66;43.31;0.0,
29/09/2017 00:00:00;26.77;19.8;12.66;67.29;92.7;45.2;0.0,
30/09/2017 00:00:00;14.62;12.77;9.83;93.0;96.6;81.8;4.62,
01/10/2017 00:00:00;15.38;13.21;9.69;95.41;97.1;88.1;16.8,
02/10/2017 00:00:00;17.26;15.75;13.71;96.85;97.1;95.7;7.67,
03/10/2017 00:00:00;20.76;15.87;12.82;92.47;97.4;76.72;0.21,
04/10/2017 00:00:00;23.74;17.6;12.28;83.88;96.9;63.71;0.11,
05/10/2017 00:00:00;18.09;15.43;13.2;89.27;96.5;71.78;0.11,
06/10/2017 00:00:00;15.28;11.8;8.57;93.95;97.0;87.5;2.94,
07/10/2017 00:00:00;18.29;10.73;5.76;81.53;93.4;57.63;0.0,
08/10/2017 00:00:00;19.17;11.28;6.58;78.36;92.1;52.7;0.0,
09/10/2017 00:00:00;20.38;12.22;6.9;83.16;95.7;61.46;0.0,
10/10/2017 00:00:00;22.09;13.38;7.13;78.57;97.0;42.84;0.11,
11/10/2017 00:00:00;25.64;17.8;10.18;55.3;92.4;28.12;0.0,
12/10/2017 00:00:00;25.7;16.75;9.52;66.51;94.3;35.47;0.0,
13/10/2017 00:00:00;27.42;20.37;14.93;50.29;77.69;30.11;0.0,
14/10/2017 00:00:00;26.37;20.9;15.04;53.39;76.76;33.68;0.0,
15/10/2017 00:00:00;24.6;20.62;17.94;60.63;70.66;45.29;0.0,
16/10/2017 00:00:00;26.02;20.67;14.72;55.67;88.1;38.2;0.0,
17/10/2017 00:00:00;23.43;19.89;16.66;45.41;62.43;34.57;0.0,
18/10/2017 00:00:00;17.73;14.35;10.6;80.84;96.3;63.05;6.82,
19/10/2017 00:00:00;17.21;12.3;10.0;86.34;96.5;68.36;0.11,
20/10/2017 00:00:00;20.8;15.96;10.65;65.0;83.8;52.11;0.0,
21/10/2017 00:00:00;18.31;12.42;8.95;85.38;96.8;56.23;11.34,
22/10/2017 00:00:00;11.08;9.11;7.67;94.59;96.7;87.5;8.08,
23/10/2017 00:00:00;18.45;10.49;5.36;80.61;96.0;49.34;0.11,
24/10/2017 00:00:00;24.53;15.39;8.29;55.83;72.58;38.06;0.0,
25/10/2017 00:00:00;26.57;19.13;14.13;51.65;73.28;31.38;0.0,
26/10/2017 00:00:00;26.15;19.01;12.23;51.26;82.8;29.91;0.0,
27/10/2017 00:00:00;14.99;12.38;10.1;87.04;96.9;64.94;0.84,
28/10/2017 00:00:00;15.33;10.6;7.37;88.01;97.1;72.97;0.53,
29/10/2017 00:00:00;13.44;9.91;7.0;87.74;97.2;74.46;1.58,
30/10/2017 00:00:00;12.04;9.54;5.41;90.11;97.3;77.4;1.58,
31/10/2017 00:00:00;15.36;8.65;2.47;79.69;94.9;63.4;0.0,
01/11/2017 00:00:00;17.74;14.79;11.57;62.68;71.59;56.05;0.0,
02/11/2017 00:00:00;18.07;15.69;12.16;62.34;77.88;57.16;0.0,
03/11/2017 00:00:00;18.57;15.75;12.21;60.15;76.8;51.48;0.0,
04/11/2017 00:00:00;16.09;12.35;9.7;85.03;97.2;60.97;54.93,
05/11/2017 00:00:00;9.92;6.92;4.59;97.34;97.8;95.5;56.69,
06/11/2017 00:00:00;8.67;5.47;3.39;79.88;96.9;64.57;1.36,
07/11/2017 00:00:00;10.56;4.48;0.19;69.71;94.1;40.51;1.25,
08/11/2017 00:00:00;6.79;3.73;0.18;94.82;96.9;89.0;36.97,
09/11/2017 00:00:00;6.16;4.82;2.67;92.19;97.1;77.78;18.41,
10/11/2017 00:00:00;10.99;7.36;4.45;92.9;97.6;77.23;9.21,
11/11/2017 00:00:00;9.86;9.14;8.36;96.96;97.7;94.5;17.36,
12/11/2017 00:00:00;10.2;9.29;6.54;95.49;97.3;92.2;20.81,
13/11/2017 00:00:00;7.66;4.47;2.85;76.63;95.0;63.35;1.67,
14/11/2017 00:00:00;8.18;3.99;2.04;74.73;82.7;57.01;0.0,
15/11/2017 00:00:00;11.52;4.37;-0.34;75.4;92.3;53.04;0.0,
16/11/2017 00:00:00;16.35;8.89;4.19;57.61;70.81;35.69;0.0,
17/11/2017 00:00:00;14.21;7.47;3.94;75.82;94.4;56.6;0.0,
18/11/2017 00:00:00;12.53;7.06;3.76;88.37;95.1;67.22;0.0,
19/11/2017 00:00:00;12.44;5.27;1.34;80.31;95.2;47.24;0.11,
20/11/2017 00:00:00;18.47;9.64;3.27;62.32;89.4;36.92;0.0,
21/11/2017 00:00:00;18.95;12.06;7.62;46.11;59.65;33.12;0.0,
22/11/2017 00:00:00;17.76;14.57;10.22;31.62;45.72;26.16;0.0,
23/11/2017 00:00:00;17.71;15.75;14.19;36.66;46.96;29.04;0.0,
24/11/2017 00:00:00;16.47;13.92;10.64;54.16;72.91;33.28;0.53,
25/11/2017 00:00:00;12.36;6.44;2.81;91.23;97.3;75.2;29.59,
26/11/2017 00:00:00;9.53;3.98;1.9;85.36;96.0;64.38;3.04,
27/11/2017 00:00:00;9.05;4.23;0.53;70.2;87.2;47.25;0.0,
28/11/2017 00:00:00;11.32;5.31;0.41;74.62;96.2;53.14;9.42,
29/11/2017 00:00:00;4.74;2.45;-0.54;94.85;96.3;91.6;19.13,
30/11/2017 00:00:00;3.5;0.64;-1.71;94.85;96.9;88.2;16.33,
01/12/2017 00:00:00;2.22;-0.29;-2.01;92.32;96.7;72.69;30.88,
02/12/2017 00:00:00;1.0;-1.52;-3.86;85.53;96.7;70.86;3.43,
03/12/2017 00:00:00;3.44;-1.21;-5.61;86.54;93.4;71.88;0.21,
04/12/2017 00:00:00;9.36;3.91;0.32;82.66;95.9;62.16;0.0,
05/12/2017 00:00:00;8.07;4.01;1.01;74.64;87.2;60.49;0.0,
06/12/2017 00:00:00;12.11;4.91;1.48;65.29;82.2;45.25;0.0,
07/12/2017 00:00:00;11.81;7.38;4.65;52.89;82.2;35.2;0.21,
08/12/2017 00:00:00;8.83;5.89;3.73;94.71;97.2;69.78;25.3,
09/12/2017 00:00:00;9.33;5.14;1.79;87.07;96.4;67.71;17.52,
10/12/2017 00:00:00;12.68;10.73;8.86;75.9;92.4;64.98;4.83,
11/12/2017 00:00:00;11.94;5.69;1.95;81.89;95.3;57.69;17.0,
12/12/2017 00:00:00;7.29;2.11;-0.46;87.99;96.2;68.47;15.93,
13/12/2017 00:00:00;9.43;5.88;1.06;76.72;90.2;66.45;0.73,
14/12/2017 00:00:00;11.06;8.35;6.97;88.18;95.5;70.41;13.37,
15/12/2017 00:00:00;7.88;4.12;2.37;87.73;96.1;62.47;25.28,
16/12/2017 00:00:00;4.82;2.44;0.74;92.9;96.4;82.8;23.29,
17/12/2017 00:00:00;7.37;3.07;0.47;94.6;96.6;85.8;7.14,
18/12/2017 00:00:00;8.85;5.58;3.91;95.55;97.3;85.3;15.53,
19/12/2017 00:00:00;5.39;2.35;0.55;91.41;96.5;82.8;0.0,
20/12/2017 00:00:00;6.48;2.85;0.85;85.5;94.4;71.76;0.0,
21/12/2017 00:00:00;8.26;3.99;2.36;90.38;95.7;78.34;0.0,
22/12/2017 00:00:00;5.06;4.24;3.37;96.27;97.2;92.2;0.0,
23/12/2017 00:00:00;8.93;5.5;3.72;90.24;97.2;73.43;0.0,
24/12/2017 00:00:00;13.45;6.87;0.9;78.14;96.9;59.33;0.11,
25/12/2017 00:00:00;12.17;8.92;5.38;61.58;77.02;52.25;0.0,
26/12/2017 00:00:00;7.28;5.31;2.52;78.23;94.3;62.28;5.77,
27/12/2017 00:00:00;5.64;3.39;1.64;86.1;94.5;69.41;45.74,
28/12/2017 00:00:00;6.82;3.24;-0.37;94.14;96.9;87.6;29.17,
29/12/2017 00:00:00;13.49;9.21;5.72;81.03;91.5;61.77;0.11,
30/12/2017 00:00:00;16.71;12.54;8.81;68.08;83.3;52.97;0.0,
31/12/2017 00:00:00;13.67;9.0;4.45;71.16;94.0;50.24;12.7,
01/01/2018 00:00:00;10.08;7.24;4.46;70.42;93.0;49.94;16.05,
02/01/2018 00:00:00;13.4;9.67;5.59;89.65;93.5;75.07;12.07,
03/01/2018 00:00:00;16.48;13.29;12.01;82.73;95.4;67.59;8.3,
04/01/2018 00:00:00;16.35;13.37;11.52;68.43;81.5;56.77;0.0,
05/01/2018 00:00:00;12.08;9.21;4.4;74.13;96.4;51.42;18.57,
06/01/2018 00:00:00;4.33;0.15;-0.66;95.92;96.5;94.1;39.55,
07/01/2018 00:00:00;6.39;1.73;-0.46;90.81;96.7;70.0;5.63,
08/01/2018 00:00:00;8.48;3.49;0.67;73.84;92.3;57.06;0.0,
09/01/2018 00:00:00;5.34;3.37;0.81;64.18;81.6;48.44;0.74,
10/01/2018 00:00:00;7.91;4.96;2.22;74.94;94.3;60.75;9.02,
11/01/2018 00:00:00;4.56;1.59;-0.41;88.48;96.0;65.52;20.05,
12/01/2018 00:00:00;7.9;3.85;1.37;91.19;96.9;61.63;7.56,
13/01/2018 00:00:00;7.76;6.33;2.68;56.96;92.2;41.13;0.95,
14/01/2018 00:00:00;3.9;2.71;1.04;92.06;95.9;86.3;28.02,
15/01/2018 00:00:00;8.07;5.53;2.94;82.27;95.1;55.14;2.31,
16/01/2018 00:00:00;9.94;8.73;7.11;90.46;95.5;81.6;8.19,
17/01/2018 00:00:00;9.24;5.73;3.52;91.47;96.2;81.7;13.75,
18/01/2018 00:00:00;13.7;6.16;2.08;83.21;95.0;53.01;0.11,
19/01/2018 00:00:00;8.15;6.76;5.31;93.51;96.2;85.9;11.45,
20/01/2018 00:00:00;9.76;7.78;5.25;85.93;95.5;48.68;23.94,
21/01/2018 00:00:00;9.64;9.44;9.24;96.71;97.2;95.0;58.38,
22/01/2018 00:00:00;10.56;9.3;8.67;94.65;97.3;81.0;6.3,
23/01/2018 00:00:00;10.82;9.59;8.62;97.1;97.5;93.9;6.62,
24/01/2018 00:00:00;16.35;11.97;6.12;61.94;94.6;47.53;0.0,
25/01/2018 00:00:00;12.36;8.04;2.76;74.51;96.4;49.18;20.14,
26/01/2018 00:00:00;5.36;3.18;1.77;95.35;97.2;88.3;35.98,
27/01/2018 00:00:00;6.71;3.93;1.53;81.8;95.4;70.66;2.2,
28/01/2018 00:00:00;10.87;4.19;-0.14;77.82;92.8;56.4;0.0,
29/01/2018 00:00:00;15.8;7.83;3.67;68.47;84.4;43.57;0.0,
30/01/2018 00:00:00;10.59;3.68;-0.59;87.45;97.1;63.32;0.0,
31/01/2018 00:00:00;15.13;8.6;4.2;63.06;94.1;38.56;1.68,
01/02/2018 00:00:00;6.2;2.1;-0.49;95.4;96.5;91.5;37.25,
02/02/2018 00:00:00;3.85;0.56;-0.87;92.43;96.8;73.3;9.92,
03/02/2018 00:00:00;3.64;1.28;-0.63;95.03;97.0;88.8;47.56,
04/02/2018 00:00:00;4.4;2.05;0.54;92.05;96.4;82.0;6.62,
05/02/2018 00:00:00;1.68;0.42;-0.51;94.95;96.8;87.8;16.0,
06/02/2018 00:00:00;2.96;-0.18;-1.78;85.7;96.9;70.19;1.77,
07/02/2018 00:00:00;3.08;-0.52;-1.67;81.51;94.9;62.59;2.3,
08/02/2018 00:00:00;-0.45;-1.41;-3.62;83.25;95.5;67.17;4.49,
09/02/2018 00:00:00;5.69;0.12;-3.79;81.2;96.4;58.29;9.33,
10/02/2018 00:00:00;4.49;1.02;-0.94;89.08;96.4;78.03;7.1,
11/02/2018 00:00:00;8.63;5.58;1.2;96.19;97.2;92.9;48.87,
12/02/2018 00:00:00;5.72;0.98;-2.56;89.21;96.9;58.61;24.62,
13/02/2018 00:00:00;4.04;1.23;-2.79;80.62;95.2;55.94;13.3,
14/02/2018 00:00:00;8.8;5.74;1.98;89.67;96.5;83.3;13.15,
15/02/2018 00:00:00;15.7;10.9;5.7;76.85;92.1;62.97;0.0,
16/02/2018 00:00:00;17.29;13.15;9.47;71.22;85.1;56.02;0.0,
17/02/2018 00:00:00;12.86;6.29;3.91;92.19;96.6;72.45;14.37,
18/02/2018 00:00:00;6.5;5.05;2.81;94.45;96.9;85.7;14.8,
19/02/2018 00:00:00;7.96;6.95;5.89;97.42;97.8;96.4;41.45,
20/02/2018 00:00:00;7.29;6.1;4.83;97.89;98.0;97.8;49.94,
21/02/2018 00:00:00;6.78;2.76;-0.36;85.06;97.9;59.11;8.19,
22/02/2018 00:00:00;5.3;0.62;-1.68;77.53;92.7;60.74;0.0,
23/02/2018 00:00:00;-0.14;-1.61;-3.89;79.43;87.7;68.7;0.0,
24/02/2018 00:00:00;7.99;0.83;-4.55;74.13;90.6;40.81;0.0,
25/02/2018 00:00:00;10.52;2.81;-1.66;77.94;88.9;51.39;0.0,
26/02/2018 00:00:00;6.94;1.18;-4.54;66.84;88.0;42.42;0.0,
27/02/2018 00:00:00;1.56;-4.16;-8.93;54.06;75.33;35.35;0.0,
28/02/2018 00:00:00;8.3;1.61;-5.47;80.18;96.4;53.1;8.92,
01/03/2018 00:00:00;13.44;10.29;2.68;70.37;92.0;59.35;2.73,
02/03/2018 00:00:00;9.08;6.19;2.61;57.59;90.6;36.39;0.11,
03/03/2018 00:00:00;13.34;10.05;7.34;55.56;74.6;41.2;0.0,
04/03/2018 00:00:00;13.44;9.7;6.24;65.59;87.6;44.85;3.56,
05/03/2018 00:00:00;11.29;7.22;4.18;71.95;95.1;45.49;16.73,
06/03/2018 00:00:00;10.14;4.56;1.62;80.08;93.5;54.29;15.22,
07/03/2018 00:00:00;11.67;5.89;1.73;66.86;90.1;46.5;0.97,
08/03/2018 00:00:00;12.1;9.57;6.7;52.68;62.2;40.0;0.0,
09/03/2018 00:00:00;14.12;12.62;10.93;65.72;78.63;57.6;0.11,
10/03/2018 00:00:00;16.09;13.18;10.96;66.06;77.69;57.51;0.11,
11/03/2018 00:00:00;13.19;10.5;8.86;54.21;63.93;41.47;0.0,
12/03/2018 00:00:00;11.86;7.39;3.71;70.43;91.8;55.43;1.94,
13/03/2018 00:00:00;11.95;7.28;3.62;77.66;92.4;57.7;1.73,
14/03/2018 00:00:00;11.81;9.86;6.79;67.26;81.6;57.07;6.26,
15/03/2018 00:00:00;13.26;8.8;4.9;61.62;95.3;38.06;1.94,
16/03/2018 00:00:00;10.93;6.61;2.74;65.39;95.9;37.52;1.08,
17/03/2018 00:00:00;9.82;3.85;-0.24;77.46;95.6;46.33;13.93,
18/03/2018 00:00:00;4.37;2.37;-0.09;92.23;96.1;87.2;21.49,
19/03/2018 00:00:00;5.5;1.48;-1.3;87.95;96.8;63.38;17.82,
20/03/2018 00:00:00;0.83;-0.8;-1.53;93.01;97.2;69.04;13.9,
21/03/2018 00:00:00;3.81;0.91;-2.57;73.07;83.8;56.6;0.0,
22/03/2018 00:00:00;7.24;2.26;-1.63;69.83;83.5;55.51;0.0,
23/03/2018 00:00:00;10.79;5.83;-1.16;71.75;96.2;45.78;6.6,
24/03/2018 00:00:00;8.22;4.85;1.89;79.43;94.6;59.67;12.5,
25/03/2018 00:00:00;5.64;4.55;3.73;87.59;96.7;78.73;12.0,
26/03/2018 00:00:00;8.51;5.15;3.98;90.86;97.4;67.0;25.7,
27/03/2018 00:00:00;8.61;7.34;4.32;95.2;97.0;92.6;16.4,
28/03/2018 00:00:00;16.15;9.46;5.78;83.33;96.6;53.17;6.8,
29/03/2018 00:00:00;13.77;8.83;4.45;64.82;96.5;31.34;1.2,
30/03/2018 00:00:00;11.47;8.44;2.32;48.06;88.9;31.79;0.8,
31/03/2018 00:00:00;6.45;3.91;1.65;82.08;94.6;53.8;20.2,
01/04/2018 00:00:00;15.85;9.77;1.31;61.73;92.1;44.85;0.0,
02/04/2018 00:00:00;18.6;15.18;12.25;36.17;47.7;24.93;0.0,
03/04/2018 00:00:00;17.46;13.52;10.55;52.38;70.46;35.94;1.3,
04/04/2018 00:00:00;14.79;10.34;6.72;66.72;95.5;44.25;12.3,
05/04/2018 00:00:00;18.12;12.21;5.9;60.37;95.7;31.55;0.3,
06/04/2018 00:00:00;22.48;16.01;11.57;42.35;79.48;26.73;0.3,
07/04/2018 00:00:00;12.49;10.26;7.14;79.49;96.6;57.02;36.0,
08/04/2018 00:00:00;10.85;7.33;5.74;88.78;96.5;65.68;22.4,
09/04/2018 00:00:00;12.8;7.3;4.65;76.44;89.9;58.18;2.6,
10/04/2018 00:00:00;6.58;5.54;3.97;80.3;96.2;71.69;3.2,
11/04/2018 00:00:00;6.96;5.62;3.39;97.48;98.0;96.2;81.4,
12/04/2018 00:00:00;11.57;7.61;5.29;91.69;98.0;69.57;22.4,
13/04/2018 00:00:00;13.15;8.77;6.18;78.41;94.8;63.57;2.53,
14/04/2018 00:00:00;16.64;10.67;5.28;71.94;93.3;49.19;0.0,
15/04/2018 00:00:00;16.46;11.21;8.67;72.19;87.4;52.08;0.1,
16/04/2018 00:00:00;10.33;8.12;6.41;91.58;97.4;77.95;13.5,
17/04/2018 00:00:00;24.32;16.13;8.29;55.37;80.1;35.05;0.0,
18/04/2018 00:00:00;24.52;19.49;13.14;42.65;69.78;29.05;0.0,
19/04/2018 00:00:00;24.99;19.61;15.53;42.45;61.98;32.6;0.0,
20/04/2018 00:00:00;22.42;17.55;14.11;54.6;71.03;39.21;0.0,
21/04/2018 00:00:00;23.33;18.7;15.31;41.05;58.57;30.0;0.0,
22/04/2018 00:00:00;24.27;18.41;11.52;54.69;96.1;30.23;0.7,
23/04/2018 00:00:00;16.29;12.41;9.53;93.73;97.5;77.53;0.4,
24/04/2018 00:00:00;26.72;17.51;10.87;75.89;97.0;39.68;0.0,
25/04/2018 00:00:00;12.72;10.93;9.04;96.73;97.6;93.4;2.92,
26/04/2018 00:00:00;12.15;9.35;7.04;84.23;97.3;68.59;0.65,
27/04/2018 00:00:00;14.14;9.68;6.58;79.8;96.3;40.09;0.97,
28/04/2018 00:00:00;11.82;7.9;5.75;94.86;97.3;84.2;10.25,
29/04/2018 00:00:00;9.84;7.4;3.42;89.54;97.2;77.49;2.92,
30/04/2018 00:00:00;9.9;5.85;3.25;83.42;96.0;56.09;8.64,
01/05/2018 00:00:00;11.89;6.06;2.08;78.03;96.7;50.41;1.73,
02/05/2018 00:00:00;15.01;8.54;2.36;66.9;97.1;41.85;8.96,
03/05/2018 00:00:00;8.94;6.88;5.7;89.96;97.5;75.05;11.44,
04/05/2018 00:00:00;12.76;8.86;5.7;81.55;97.0;58.11;1.4,
05/05/2018 00:00:00;15.68;10.41;7.48;85.3;94.6;67.28;0.0,
06/05/2018 00:00:00;23.73;15.62;7.32;73.3;95.8;48.2;0.0,
07/05/2018 00:00:00;24.55;17.45;12.56;75.56;91.1;45.3;0.0,
08/05/2018 00:00:00;14.42;11.33;8.3;95.15;97.6;87.3;5.29,
09/05/2018 00:00:00;12.81;9.97;8.18;96.39;97.6;92.2;2.48,
10/05/2018 00:00:00;11.03;8.38;6.04;95.05;97.0;85.2;3.35,
11/05/2018 00:00:00;22.58;13.64;4.46;65.27;95.6;36.27;0.0,
12/05/2018 00:00:00;9.14;6.79;3.18;94.35;96.9;87.5;12.2,
13/05/2018 00:00:00;8.77;5.32;2.58;88.59;95.0;71.66;9.71,
14/05/2018 00:00:00;10.14;6.9;4.86;91.16;96.5;76.05;3.02,
15/05/2018 00:00:00;10.58;8.07;6.62;90.49;95.5;80.4;0.0,
16/05/2018 00:00:00;12.06;9.25;7.41;91.09;96.0;79.03;0.0,
17/05/2018 00:00:00;15.32;11.3;8.44;88.23;97.3;70.46;0.0,
18/05/2018 00:00:00;17.97;13.13;10.09;87.8;97.4;63.99;0.0,
19/05/2018 00:00:00;20.28;13.23;8.15;83.17;97.5;57.39;0.0,
20/05/2018 00:00:00;19.62;13.98;7.75;73.63;94.9;58.3;0.0,
21/05/2018 00:00:00;23.54;14.1;9.84;78.95;95.4;45.1;5.07,
22/05/2018 00:00:00;21.71;15.16;9.75;75.18;95.8;52.23;0.0,
23/05/2018 00:00:00;21.08;15.1;9.98;79.53;91.7;52.86;0.22,
24/05/2018 00:00:00;23.34;17.76;13.54;77.85;95.4;53.82;0.65,
25/05/2018 00:00:00;19.03;15.87;14.02;90.27;99.0;72.81;1.19,
26/05/2018 00:00:00;20.88;14.52;10.98;90.01;99.9;52.49;54.92,
27/05/2018 00:00:00;16.79;13.46;11.21;98.46;100.0;88.1;0.86,
28/05/2018 00:00:00;12.81;12.1;11.49;100.0;100.0;100.0;12.74,
29/05/2018 00:00:00;18.44;13.44;11.54;97.31;100.0;84.1;14.25,
30/05/2018 00:00:00;18.04;13.33;11.31;96.43;100.0;77.66;4.86,
31/05/2018 00:00:00;17.19;13.78;11.38;96.17;100.0;84.7;0.32,
01/06/2018 00:00:00;21.96;16.39;12.8;88.22;100.0;64.48;7.45,
02/06/2018 00:00:00;22.44;16.83;12.69;82.81;100.0;60.46;0.22,
03/06/2018 00:00:00;22.04;16.0;12.46;81.94;100.0;53.21;9.5,
04/06/2018 00:00:00;16.81;13.36;11.76;99.25;100.0;90.2;26.76,
05/06/2018 00:00:00;13.62;11.8;10.46;99.77;100.0;97.0;14.47,
06/06/2018 00:00:00;16.49;12.7;10.22;92.13;100.0;76.1;3.13,
07/06/2018 00:00:00;20.71;15.24;11.02;86.84;99.4;60.56;1.62,
08/06/2018 00:00:00;20.87;18.13;12.94;67.75;91.5;52.76;0.11,
09/06/2018 00:00:00;19.36;16.65;13.98;83.86;98.9;69.35;5.51,
10/06/2018 00:00:00;21.7;15.58;10.94;82.85;100.0;50.57;18.99,
11/06/2018 00:00:00;17.6;12.7;9.88;96.6;100.0;73.29;9.5,
12/06/2018 00:00:00;13.92;12.26;10.34;97.09;100.0;82.0;75.65,
13/06/2018 00:00:00;12.25;11.7;11.03;100.0;100.0;100.0;57.74,
14/06/2018 00:00:00;13.95;11.68;9.38;96.75;100.0;87.6;0.22,
15/06/2018 00:00:00;17.27;12.7;8.32;95.31;100.0;73.9;1.51,
16/06/2018 00:00:00;17.67;13.43;10.4;93.19;100.0;69.64;3.56,
17/06/2018 00:00:00;19.2;13.4;9.35;87.82;100.0;60.81;0.76,
18/06/2018 00:00:00;17.45;13.95;9.19;93.47;100.0;80.7;0.22,
19/06/2018 00:00:00;21.81;17.08;12.65;86.06;100.0;70.07;3.56,
20/06/2018 00:00:00;30.41;23.22;15.03;65.66;100.0;35.47;0.0,
21/06/2018 00:00:00;22.08;17.79;16.03;98.44;100.0;84.0;0.32,
22/06/2018 00:00:00;22.88;17.44;13.32;89.97;100.0;72.84;0.54,
23/06/2018 00:00:00;24.32;17.58;10.34;70.78;96.3;43.26;0.0,
24/06/2018 00:00:00;27.71;19.98;12.42;62.31;83.1;34.47;0.0,
25/06/2018 00:00:00;26.15;20.62;13.51;61.38;85.2;46.89;0.0,
26/06/2018 00:00:00;28.32;21.77;14.56;64.62;99.5;48.65;0.0,
27/06/2018 00:00:00;22.79;17.2;15.41;95.55;100.0;74.3;1.94,
28/06/2018 00:00:00;16.8;15.82;15.04;100.0;100.0;100.0;0.97,
29/06/2018 00:00:00;26.75;19.78;15.25;85.67;100.0;54.64;8.85,
30/06/2018 00:00:00;30.25;22.57;17.76;68.3;100.0;42.68;3.56,
01/07/2018 00:00:00;28.83;21.19;16.38;79.91;100.0;46.16;0.65,
02/07/2018 00:00:00;25.74;19.73;14.53;82.95;100.0;57.32;1.51,
03/07/2018 00:00:00;23.83;19.13;14.9;87.07;99.2;69.93;0.0,
04/07/2018 00:00:00;25.47;18.19;14.64;92.49;100.0;68.59;21.91,
05/07/2018 00:00:00;20.16;15.13;13.7;96.36;100.0;74.74;12.41,
06/07/2018 00:00:00;20.57;16.97;13.89;89.04;100.0;71.28;0.0,
07/07/2018 00:00:00;25.17;19.33;14.68;86.12;100.0;64.39;0.97,
08/07/2018 00:00:00;25.96;20.83;16.95;85.76;100.0;64.41;0.0,
09/07/2018 00:00:00;25.52;20.4;16.43;81.24;99.6;56.95;0.0,
10/07/2018 00:00:00;25.66;19.5;15.68;84.77;96.4;66.08;0.0,
11/07/2018 00:00:00;24.49;19.24;13.91;80.59;99.1;59.07;0.0,
12/07/2018 00:00:00;23.73;18.06;13.51;81.74;94.5;61.08;0.0,
13/07/2018 00:00:00;26.23;18.49;12.98;89.94;100.0;65.93;16.73,
14/07/2018 00:00:00;27.77;21.11;15.47;83.58;100.0;63.26;1.62,
15/07/2018 00:00:00;25.95;19.55;14.4;86.92;99.3;71.63;0.0,
16/07/2018 00:00:00;18.47;16.15;14.06;98.97;100.0;88.1;10.69,
17/07/2018 00:00:00;24.17;18.33;11.14;79.59;100.0;58.58;0.0,
18/07/2018 00:00:00;26.72;19.52;14.74;86.13;100.0;45.15;0.54,
19/07/2018 00:00:00;26.48;19.37;15.08;91.73;100.0;68.43;4.64,
20/07/2018 00:00:00;17.78;15.86;13.64;99.89;100.0;95.1;11.12,
21/07/2018 00:00:00;19.85;15.21;12.83;91.98;100.0;71.4;8.64,
22/07/2018 00:00:00;22.93;16.89;12.11;87.11;100.0;62.67;0.0,
23/07/2018 00:00:00;27.32;20.82;13.89;76.93;100.0;58.26;0.0,
24/07/2018 00:00:00;25.31;20.63;16.96;81.18;100.0;60.83;0.0,
25/07/2018 00:00:00;25.46;20.95;17.38;87.53;100.0;69.18;0.0,
26/07/2018 00:00:00;26.36;20.04;17.74;93.3;100.0;73.28;0.0,
27/07/2018 00:00:00;26.48;20.04;15.41;88.8;100.0;67.96;0.11,
28/07/2018 00:00:00;20.78;17.58;15.66;95.62;100.0;81.2;4.32,
29/07/2018 00:00:00;25.37;18.96;14.22;90.94;100.0;73.15;0.0,
30/07/2018 00:00:00;27.47;21.19;16.99;85.57;100.0;67.63;0.0,
31/07/2018 00:00:00;22.95;19.34;16.77;91.3;100.0;73.57;0.86,
01/08/2018 00:00:00;24.53;18.53;15.92;93.31;100.0;74.75;0.22,
02/08/2018 00:00:00;28.55;22.49;16.17;83.49;100.0;65.03;0.0,
03/08/2018 00:00:00;30.97;23.8;18.41;75.03;100.0;43.09;0.0,
04/08/2018 00:00:00;28.32;21.91;17.17;73.75;89.4;56.04;0.0,
05/08/2018 00:00:00;28.76;22.3;15.89;81.2;100.0;59.01;0.0,
06/08/2018 00:00:00;33.28;25.27;18.13;69.49;100.0;32.47;0.0,
07/08/2018 00:00:00;25.37;18.37;15.66;95.31;100.0;48.62;6.05,
08/08/2018 00:00:00;23.58;18.38;15.02;91.97;100.0;73.64;9.6,
09/08/2018 00:00:00;18.23;14.71;11.74;95.24;100.0;78.2;5.29,
10/08/2018 00:00:00;20.65;16.14;11.76;84.75;99.8;64.35;0.0,
11/08/2018 00:00:00;27.34;19.59;12.38;83.03;100.0;62.2;0.0,
12/08/2018 00:00:00;31.22;21.42;14.71;82.73;100.0;46.67;0.76,
13/08/2018 00:00:00;18.06;16.22;15.12;98.75;100.0;92.0;5.07,
14/08/2018 00:00:00;19.76;15.94;14.27;94.18;100.0;79.0;4.32,
15/08/2018 00:00:00;23.86;18.84;14.04;79.12;97.0;61.48;0.0,
16/08/2018 00:00:00;23.4;17.87;14.74;91.85;100.0;72.09;8.64,
17/08/2018 00:00:00;18.0;14.81;11.68;94.78;100.0;74.35;5.29,
18/08/2018 00:00:00;20.82;15.48;11.55;82.85;100.0;61.17;0.0,
19/08/2018 00:00:00;24.1;17.32;11.83;82.89;100.0;51.85;0.0,
20/08/2018 00:00:00;24.36;17.45;11.93;86.61;100.0;62.01;0.0,
21/08/2018 00:00:00;26.44;19.15;13.05;85.86;100.0;54.5;0.0,
22/08/2018 00:00:00;29.28;21.67;15.53;86.32;100.0;58.25;0.0,
23/08/2018 00:00:00;23.88;19.03;16.65;94.68;100.0;74.94;0.11,
24/08/2018 00:00:00;17.33;15.7;13.23;96.79;100.0;84.0;6.8,
25/08/2018 00:00:00;19.87;14.71;11.5;86.11;100.0;62.21;0.0,
26/08/2018 00:00:00;23.92;16.59;10.65;81.27;100.0;54.01;0.0,
27/08/2018 00:00:00;27.21;19.6;12.39;78.23;100.0;52.63;0.0,
28/08/2018 00:00:00;32.82;23.6;14.48;62.25;99.9;31.12;7.56,
29/08/2018 00:00:00;22.48;17.43;14.48;93.38;100.0;73.77;1.51,
30/08/2018 00:00:00;22.08;16.63;13.61;86.95;100.0;62.59;0.11,
31/08/2018 00:00:00;21.06;16.23;12.3;88.21;100.0;62.38;0.0,
01/09/2018 00:00:00;23.57;17.9;13.09;77.56;100.0;48.47;0.0,
02/09/2018 00:00:00;27.63;19.23;12.08;58.53;82.7;33.55;0.0,
03/09/2018 00:00:00;24.95;17.45;11.92;71.16;89.5;40.07;0.0,
04/09/2018 00:00:00;24.13;17.2;12.3;82.4;99.4;64.19;15.54,
05/09/2018 00:00:00;20.48;16.0;13.09;96.05;100.0;77.57;3.89,
06/09/2018 00:00:00;20.32;15.54;14.03;97.26;100.0;73.09;1.73,
07/09/2018 00:00:00;19.48;15.54;13.01;92.95;100.0;75.25;0.0,
08/09/2018 00:00:00;27.58;19.05;12.09;76.55;100.0;46.02;1.4,
09/09/2018 00:00:00;25.26;18.05;14.85;87.23;100.0;60.18;4.64,
10/09/2018 00:00:00;19.95;17.06;15.12;92.18;100.0;75.86;0.0,
11/09/2018 00:00:00;28.58;19.33;13.65;81.54;100.0;49.39;0.65,
12/09/2018 00:00:00;27.6;20.92;16.51;73.58;100.0;48.87;0.0,
13/09/2018 00:00:00;19.5;15.98;12.6;94.45;100.0;76.43;0.0,
14/09/2018 00:00:00;22.67;16.83;13.03;84.47;100.0;58.64;0.0,
15/09/2018 00:00:00;25.81;17.81;11.02;79.44;100.0;56.47;0.0,
16/09/2018 00:00:00;27.51;20.64;16.51;74.94;100.0;50.55;0.11,
17/09/2018 00:00:00;29.77;23.46;15.81;57.9;100.0;31.92;0.11,
18/09/2018 00:00:00;27.56;20.6;16.36;76.97;100.0;48.95;0.0,
19/09/2018 00:00:00;28.16;19.79;15.13;87.12;100.0;59.21;0.0,
20/09/2018 00:00:00;31.43;21.52;14.51;76.67;100.0;32.58;0.11,
21/09/2018 00:00:00;23.62;18.43;15.24;87.81;100.0;54.98;0.97,
22/09/2018 00:00:00;28.22;19.2;14.7;81.43;100.0;44.13;0.11,
23/09/2018 00:00:00;28.54;19.18;14.49;81.12;100.0;38.34;0.65,
24/09/2018 00:00:00;17.0;13.01;9.27;90.28;100.0;66.28;3.02,
25/09/2018 00:00:00;18.27;12.27;6.4;75.01;97.3;57.49;0.0,
26/09/2018 00:00:00;25.33;20.05;9.42;56.24;99.5;42.68;0.0,
27/09/2018 00:00:00;28.83;21.06;15.96;64.9;90.3;43.7;0.0,
28/09/2018 00:00:00;25.12;17.77;13.17;81.82;100.0;55.76;0.0,
29/09/2018 00:00:00;22.07;15.51;10.26;88.28;100.0;60.71;0.0,
30/09/2018 00:00:00;20.47;13.1;7.68;86.17;100.0;53.06;0.0,
01/10/2018 00:00:00;15.62;11.07;7.44;80.05;97.9;55.85;0.0,
02/10/2018 00:00:00;17.71;10.32;6.06;67.5;90.1;38.68;0.0,
03/10/2018 00:00:00;21.56;12.45;6.09;72.64;97.1;36.78;0.0,
04/10/2018 00:00:00;24.84;15.45;8.66;77.28;100.0;37.2;0.0,
05/10/2018 00:00:00;26.11;20.31;15.52;47.24;68.54;33.16;0.0,
06/10/2018 00:00:00;24.1;15.88;9.15;68.64;94.6;43.74;3.89,
07/10/2018 00:00:00;11.04;9.45;8.12;95.45;100.0;81.6;36.8,
08/10/2018 00:00:00;16.13;11.2;9.26;94.53;100.0;71.16;1.4,
09/10/2018 00:00:00;19.12;13.06;7.74;77.8;99.7;51.81;0.97,
10/10/2018 00:00:00;17.96;15.49;11.84;71.01;86.4;60.66;0.97,
11/10/2018 00:00:00;21.56;18.93;16.4;64.43;71.5;56.49;0.0,
12/10/2018 00:00:00;23.37;20.93;19.06;61.31;69.2;54.02;0.0,
13/10/2018 00:00:00;24.66;21.65;19.93;58.1;63.99;48.34;0.0,
14/10/2018 00:00:00;21.19;15.04;9.3;81.51;100.0;54.85;16.41,
15/10/2018 00:00:00;18.74;12.1;9.21;90.97;100.0;64.71;4.32,
16/10/2018 00:00:00;19.07;12.4;8.99;92.15;100.0;67.54;0.0,
17/10/2018 00:00:00;19.98;13.32;10.16;90.12;100.0;64.96;0.0,
18/10/2018 00:00:00;18.32;13.14;9.53;92.12;100.0;68.96;0.0,
19/10/2018 00:00:00;20.57;15.18;12.79;91.58;100.0;66.85;0.0,
20/10/2018 00:00:00;19.41;14.17;11.99;93.05;100.0;73.04;0.0,
21/10/2018 00:00:00;23.73;15.49;10.57;86.02;100.0;54.3;0.0,
22/10/2018 00:00:00;16.92;11.81;7.78;91.57;100.0;67.14;0.0,
23/10/2018 00:00:00;16.59;10.43;7.4;91.27;100.0;66.04;0.0,
24/10/2018 00:00:00;18.56;11.04;7.58;88.13;100.0;41.27;0.0,
25/10/2018 00:00:00;15.83;9.89;5.93;96.26;100.0;77.48;0.11,
26/10/2018 00:00:00;11.49;10.15;8.11;98.96;100.0;91.6;2.38,
27/10/2018 00:00:00;8.15;5.71;3.03;96.63;100.0;81.1;11.55,
28/10/2018 00:00:00;5.34;2.43;-0.15;89.02;100.0;69.9;5.4,
29/10/2018 00:00:00;3.18;2.13;0.85;99.78;100.0;94.1;36.7,
30/10/2018 00:00:00;9.25;6.37;0.55;71.92;100.0;58.93;0.11,
31/10/2018 00:00:00;9.21;7.28;5.89;94.43;100.0;65.92;11.99,
01/11/2018 00:00:00;9.46;7.22;5.51;95.92;100.0;84.0;7.99,
02/11/2018 00:00:00;11.38;7.83;6.0;98.85;100.0;87.6;7.34,
03/11/2018 00:00:00;10.5;6.0;2.96;90.94;100.0;69.02;0.0,
04/11/2018 00:00:00;17.57;11.69;2.62;44.96;90.0;19.32;0.0,
05/11/2018 00:00:00;14.58;11.34;8.17;67.39;90.8;43.71;0.86,
06/11/2018 00:00:00;10.73;8.39;5.64;76.91;93.7;64.65;5.4,
07/11/2018 00:00:00;14.43;9.48;4.25;80.95;100.0;50.87;5.29,
08/11/2018 00:00:00;13.89;10.35;4.15;67.53;97.6;51.11;2.59,
09/11/2018 00:00:00;12.86;9.15;7.05;82.99;100.0;57.38;11.98,
10/11/2018 00:00:00;15.32;13.09;10.16;67.75;78.12;58.19;0.0,
11/11/2018 00:00:00;16.39;15.0;12.52;64.18;70.34;59.03;0.0,
12/11/2018 00:00:00;16.4;12.83;8.96;81.41;100.0;59.0;23.74,
13/11/2018 00:00:00;14.49;10.59;8.57;93.53;100.0;70.69;2.16,
14/11/2018 00:00:00;18.34;15.12;12.38;67.47;80.0;53.1;0.0,
15/11/2018 00:00:00;18.63;14.86;11.31;68.33;83.9;55.74;0.0,
16/11/2018 00:00:00;17.65;14.07;11.09;69.34;84.1;56.49;0.0,
17/11/2018 00:00:00;17.47;12.72;9.43;73.43;86.5;57.27;0.0,
18/11/2018 00:00:00;11.52;10.06;8.07;73.97;85.4;62.09;1.4,
19/11/2018 00:00:00;14.06;8.13;2.56;78.15;99.7;57.6;0.0,
20/11/2018 00:00:00;4.97;2.49;1.17;98.99;100.0;89.5;4.1,
21/11/2018 00:00:00;12.79;8.29;1.79;77.32;100.0;58.75;1.08,
22/11/2018 00:00:00;11.92;9.86;8.14;63.75;73.5;55.24;0.0,
23/11/2018 00:00:00;10.9;9.0;5.98;65.95;89.3;54.47;3.46,
24/11/2018 00:00:00;12.27;9.26;8.08;60.89;67.62;51.43;0.0,
25/11/2018 00:00:00;9.04;6.55;3.51;80.06;98.1;61.13;5.72,
26/11/2018 00:00:00;6.87;5.36;3.87;94.49;100.0;65.01;32.49,
27/11/2018 00:00:00;12.8;7.72;5.38;85.58;100.0;60.95;0.65,
28/11/2018 00:00:00;16.52;11.7;6.44;41.08;73.71;25.39;0.0,
29/11/2018 00:00:00;14.94;12.02;6.42;40.18;100.0;20.05;6.48,
30/11/2018 00:00:00;10.63;6.92;4.88;97.34;100.0;76.95;12.63,
01/12/2018 00:00:00;10.43;7.53;3.85;90.77;100.0;68.12;3.24,
02/12/2018 00:00:00;14.74;11.0;7.68;76.46;91.6;60.99;0.0,
03/12/2018 00:00:00;15.43;12.0;9.92;81.94;97.5;61.87;1.73,
04/12/2018 00:00:00;18.07;13.89;10.03;79.44;97.8;58.8;0.0,
05/12/2018 00:00:00;19.86;14.42;9.44;63.28;83.2;37.08;0.0,
06/12/2018 00:00:00;13.1;10.32;8.6;86.04;100.0;68.09;0.0,
07/12/2018 00:00:00;16.6;8.75;4.28;80.4;100.0;47.6;6.7,
08/12/2018 00:00:00;12.25;8.11;6.1;83.59;100.0;56.85;8.64,
09/12/2018 00:00:00;11.58;9.27;6.76;88.36;100.0;73.77;0.86,
10/12/2018 00:00:00;11.07;7.43;4.98;87.74;100.0;67.85;0.22,
11/12/2018 00:00:00;15.1;8.19;2.92;63.08;94.3;31.47;0.0,
12/12/2018 00:00:00;9.56;8.13;6.21;88.7;100.0;64.35;4.1,
13/12/2018 00:00:00;10.51;7.41;5.47;89.13;100.0;62.77;25.59,
14/12/2018 00:00:00;7.15;6.27;4.24;100.0;100.0;100.0;32.17,
15/12/2018 00:00:00;12.61;8.96;3.51;86.48;100.0;71.15;0.0,
16/12/2018 00:00:00;13.6;8.6;6.04;88.58;100.0;65.42;18.89,
17/12/2018 00:00:00;10.32;7.06;2.99;69.25;93.8;41.27;0.0,
18/12/2018 00:00:00;12.09;10.55;9.17;32.74;60.78;22.35;0.0,
19/12/2018 00:00:00;12.24;7.61;3.58;72.35;99.2;48.57;0.22,
20/12/2018 00:00:00;12.94;8.77;4.71;68.94;83.6;53.9;0.11,
21/12/2018 00:00:00;12.97;11.01;9.39;67.6;77.83;59.39;0.0,
22/12/2018 00:00:00;16.57;11.76;8.91;76.98;85.3;62.3;0.0,
23/12/2018 00:00:00;17.75;12.16;8.6;72.47;90.7;52.89;0.0,
24/12/2018 00:00:00;14.42;8.93;4.87;80.44;100.0;62.37;0.0,
25/12/2018 00:00:00;15.55;9.39;3.48;74.85;100.0;44.76;0.11,
26/12/2018 00:00:00;13.67;9.32;5.82;64.97;82.5;51.28;0.0,
27/12/2018 00:00:00;15.22;8.49;4.22;57.27;94.4;33.75;0.0,
28/12/2018 00:00:00;7.78;6.51;4.83;98.35;100.0;85.5;3.35,
29/12/2018 00:00:00;9.3;5.14;1.44;88.68;100.0;71.56;0.0,
30/12/2018 00:00:00;9.21;2.43;-1.86;91.36;100.0;66.32;0.11,
31/12/2018 00:00:00;15.2;5.63;0.49;64.41;95.4;23.59;0.0,
01/01/2019 00:00:00;7.49;3.34;0.72;87.18;100.0;70.68;0.22,
02/01/2019 00:00:00;2.65;1.4;0.16;94.4;100.0;84.1;0.22,
03/01/2019 00:00:00;6.25;0.6;-2.09;85.87;95.5;66.18;0.0,
04/01/2019 00:00:00;5.3;0.04;-3.06;84.49;100.0;53.58;0.11,
05/01/2019 00:00:00;9.74;2.17;-1.71;61.12;82.7;31.19;0.0,
06/01/2019 00:00:00;4.29;0.86;-1.7;92.07;100.0;75.59;0.0,
07/01/2019 00:00:00;2.2;0.3;-1.74;89.74;100.0;79.54;0.0,
08/01/2019 00:00:00;5.96;3.47;1.74;92.59;100.0;80.8;6.7,
09/01/2019 00:00:00;5.81;3.86;1.48;94.26;100.0;72.94;4.54,
10/01/2019 00:00:00;3.93;0.02;-2.14;82.27;98.9;63.09;0.0,
11/01/2019 00:00:00;4.89;-0.34;-3.23;79.74;100.0;44.4;0.0,
12/01/2019 00:00:00;6.92;3.11;-0.89;85.44;100.0;73.58;0.43,
13/01/2019 00:00:00;6.39;5.24;3.83;99.98;100.0;98.8;8.96,
14/01/2019 00:00:00;7.0;6.36;5.74;100.0;100.0;100.0;14.26,
15/01/2019 00:00:00;11.26;6.61;4.36;88.12;100.0;56.58;0.22,
16/01/2019 00:00:00;14.5;8.48;3.8;67.64;93.0;43.82;0.0,
17/01/2019 00:00:00;6.51;4.37;1.74;97.18;100.0;83.6;16.62,
18/01/2019 00:00:00;5.44;2.98;1.6;95.56;100.0;81.4;1.51,
19/01/2019 00:00:00;7.73;5.13;2.41;82.48;100.0;67.93;1.94,
20/01/2019 00:00:00;5.08;3.64;2.61;98.57;100.0;79.56;37.13,
21/01/2019 00:00:00;3.33;2.22;0.98;100.0;100.0;100.0;2.48,
22/01/2019 00:00:00;3.33;1.52;-0.2;98.84;100.0;92.4;35.83,
23/01/2019 00:00:00;7.02;3.59;0.94;99.98;100.0;99.1;85.31,
24/01/2019 00:00:00;3.03;1.1;-0.42;94.16;100.0;79.79;7.22,
25/01/2019 00:00:00;6.98;5.66;0.63;100.0;100.0;100.0;34.77,
26/01/2019 00:00:00;10.19;6.51;3.73;95.25;100.0;72.73;5.69,
27/01/2019 00:00:00;7.81;4.0;2.14;94.6;100.0;77.91;22.55,
28/01/2019 00:00:00;6.0;4.48;1.44;96.42;100.0;80.7;37.09,
29/01/2019 00:00:00;6.73;4.25;1.4;92.37;100.0;75.77;18.24,
30/01/2019 00:00:00;6.48;3.34;-0.05;84.06;100.0;55.32;12.85,
31/01/2019 00:00:00;11.47;7.36;3.65;86.12;100.0;71.06;42.53,
01/02/2019 00:00:00;9.18;5.85;0.98;77.79;100.0;51.99;5.57,
02/02/2019 00:00:00;3.13;0.95;-0.44;96.1;100.0;73.99;59.39,
03/02/2019 00:00:00;4.0;0.74;-1.31;89.71;100.0;75.95;15.19,
04/02/2019 00:00:00;9.03;2.96;-3.21;73.74;100.0;27.46;1.61,
05/02/2019 00:00:00;8.02;6.6;5.58;100.0;100.0;100.0;18.31,
06/02/2019 00:00:00;16.44;8.96;5.24;86.16;100.0;57.86;0.32,
07/02/2019 00:00:00;8.17;6.31;2.82;88.61;100.0;77.53;1.71,
08/02/2019 00:00:00;14.71;8.65;2.75;66.49;92.6;41.56;0.0,
09/02/2019 00:00:00;14.13;10.28;5.4;61.14;79.18;48.55;0.0,
10/02/2019 00:00:00;11.33;7.51;3.96;81.38;100.0;54.46;8.68,
11/02/2019 00:00:00;7.51;4.66;3.67;98.52;100.0;85.1;9.75,
12/02/2019 00:00:00;11.33;5.57;1.62;77.71;93.7;58.82;0.0,
13/02/2019 00:00:00;15.86;9.27;2.57;51.62;83.3;32.46;0.0,
14/02/2019 00:00:00;16.78;12.75;9.72;26.0;44.93;16.78;0.0,
15/02/2019 00:00:00;18.68;12.24;7.73;24.73;52.51;14.35;0.0,
16/02/2019 00:00:00;16.97;13.34;9.18;25.04;45.04;12.11;0.0,
17/02/2019 00:00:00;18.2;14.13;11.43;16.18;21.59;14.4;0.0,
18/02/2019 00:00:00;17.1;11.65;4.74;35.99;78.36;21.65;0.0,
19/02/2019 00:00:00;13.86;7.79;4.2;80.01;93.6;57.12;0.0,
20/02/2019 00:00:00;16.94;11.05;7.04;54.07;72.78;38.52;0.0,
21/02/2019 00:00:00;18.07;12.15;8.15;53.2;73.12;30.91;0.0,
22/02/2019 00:00:00;20.58;13.36;8.27;41.97;58.22;24.08;0.0,
23/02/2019 00:00:00;19.21;11.74;7.95;46.75;61.48;27.04;0.0,
24/02/2019 00:00:00;19.84;11.93;5.2;51.14;69.86;28.03;0.0,
25/02/2019 00:00:00;21.62;13.85;8.88;50.03;69.36;28.23;0.0,
26/02/2019 00:00:00;21.98;16.08;9.73;33.37;63.63;17.23;0.0,
27/02/2019 00:00:00;25.7;16.89;8.51;27.4;78.44;11.42;0.0,
28/02/2019 00:00:00;15.24;8.81;4.73;74.6;88.9;48.6;0.0,
01/03/2019 00:00:00;14.05;7.88;4.42;75.76;89.7;51.42;0.0,
02/03/2019 00:00:00;15.2;9.07;5.27;77.92;100.0;49.18;0.54,
03/03/2019 00:00:00;20.06;15.5;8.3;32.66;60.29;18.14;0.0,
04/03/2019 00:00:00;16.04;8.79;5.22;71.55;95.1;27.01;0.43,
05/03/2019 00:00:00;15.79;11.1;4.69;54.04;84.0;37.29;0.0,
06/03/2019 00:00:00;16.21;12.1;6.69;60.06;84.8;46.54;4.71,
07/03/2019 00:00:00;12.4;8.65;4.04;54.35;82.2;36.28;0.11,
08/03/2019 00:00:00;10.43;6.78;4.51;83.24;100.0;48.04;10.17,
09/03/2019 00:00:00;13.14;9.7;6.71;88.01;100.0;68.54;1.28,
10/03/2019 00:00:00;12.05;8.64;6.65;98.2;100.0;84.4;5.56,
11/03/2019 00:00:00;11.25;6.68;3.67;86.07;100.0;63.12;1.71,
12/03/2019 00:00:00;18.57;9.45;2.5;59.6;100.0;28.89;2.46,
13/03/2019 00:00:00;6.2;4.2;2.6;98.87;100.0;88.9;21.64,
14/03/2019 00:00:00;6.93;5.2;3.81;98.5;100.0;87.3;8.99,
15/03/2019 00:00:00;11.43;6.51;3.51;91.0;100.0;69.38;0.32,
16/03/2019 00:00:00;23.57;14.59;3.38;39.84;92.9;14.55;0.0,
17/03/2019 00:00:00;8.69;5.69;2.14;98.62;100.0;81.9;7.18,
18/03/2019 00:00:00;10.25;4.76;2.25;92.15;100.0;60.34;13.92,
19/03/2019 00:00:00;7.21;4.7;3.02;92.31;100.0;72.51;13.17,
20/03/2019 00:00:00;11.84;6.34;3.83;73.1;100.0;44.12;0.0,
21/03/2019 00:00:00;14.63;7.43;1.7;63.69;76.89;44.2;0.0,
22/03/2019 00:00:00;19.81;11.68;5.02;46.47;73.3;26.63;0.0,
23/03/2019 00:00:00;20.39;14.05;7.53;42.31;58.72;26.9;0.0,
24/03/2019 00:00:00;20.13;12.94;6.64;53.48;74.53;30.07;0.0,
25/03/2019 00:00:00;13.25;7.25;5.1;77.64;100.0;49.38;0.0,
26/03/2019 00:00:00;14.34;7.22;2.72;59.66;86.3;30.8;0.0,
27/03/2019 00:00:00;14.68;7.6;2.41;58.59;88.5;34.21;0.0,
28/03/2019 00:00:00;15.42;7.84;2.77;75.78;99.6;45.83;0.0,
29/03/2019 00:00:00;18.44;12.21;4.03;45.0;83.5;23.09;0.0,
30/03/2019 00:00:00;19.16;13.32;9.79;41.2;53.29;26.78;0.0,
31/03/2019 00:00:00;18.76;12.76;7.62;49.43;90.5;28.91;0.54,
01/04/2019 00:00:00;12.83;9.32;6.77;93.93;100.0;71.45;8.46,
02/04/2019 00:00:00;13.44;8.84;5.55;90.88;100.0;64.12;3.53,
03/04/2019 00:00:00;5.66;3.32;-0.02;95.11;100.0;77.82;8.46,
04/04/2019 00:00:00;10.76;5.56;0.2;67.11;100.0;37.97;5.79,
05/04/2019 00:00:00;9.73;7.46;3.49;66.1;100.0;36.38;5.68,
06/04/2019 00:00:00;11.18;6.44;1.93;76.98;100.0;48.78;10.71,
07/04/2019 00:00:00;10.89;6.2;3.54;85.5;100.0;60.93;1.39,
08/04/2019 00:00:00;9.3;7.73;5.38;83.07;100.0;57.98;3.21,
09/04/2019 00:00:00;14.32;8.03;4.36;78.18;100.0;47.54;5.57,
10/04/2019 00:00:00;12.44;7.24;5.59;93.06;100.0;65.87;7.28,
11/04/2019 00:00:00;7.78;6.32;4.98;100.0;100.0;100.0;12.85,
12/04/2019 00:00:00;12.56;7.37;2.94;83.9;100.0;58.1;0.0,
13/04/2019 00:00:00;20.71;10.5;2.16;53.09;89.3;16.35;0.0,
14/04/2019 00:00:00;15.82;11.97;8.39;62.14;92.1;40.76;0.0,
15/04/2019 00:00:00;21.0;14.31;8.29;71.97;100.0;44.41;28.61,
16/04/2019 00:00:00;17.5;11.94;7.3;76.33;100.0;50.89;0.11,
17/04/2019 00:00:00;21.46;16.76;13.07;47.37;58.74;33.9;0.0,
18/04/2019 00:00:00;17.39;13.95;10.15;64.04;90.5;44.75;0.11,
19/04/2019 00:00:00;18.5;13.49;9.54;77.94;96.6;53.1;0.0,
20/04/2019 00:00:00;18.41;13.05;7.78;79.84;100.0;55.91;0.0,
21/04/2019 00:00:00;14.45;10.02;6.73;80.98;97.9;60.76;0.0,
22/04/2019 00:00:00;19.37;12.93;7.59;69.32;100.0;37.05;0.0,
23/04/2019 00:00:00;16.78;12.43;6.75;66.39;100.0;45.79;3.75,
24/04/2019 00:00:00;11.43;8.5;5.55;76.65;100.0;63.24;7.61,
25/04/2019 00:00:00;14.32;10.94;8.48;54.73;88.0;35.11;2.57,
26/04/2019 00:00:00;9.56;7.54;5.53;83.5;100.0;58.96;8.89,
27/04/2019 00:00:00;10.09;8.08;6.04;94.02;100.0;79.99;1.28,
28/04/2019 00:00:00;15.86;9.43;5.69;81.54;100.0;58.35;0.0,
29/04/2019 00:00:00;17.99;10.87;4.4;78.73;100.0;53.15;0.0,
30/04/2019 00:00:00;18.88;11.97;6.33;67.49;88.8;38.36;0.0,
01/05/2019 00:00:00;18.42;10.74;4.89;78.62;100.0;46.95;0.11,
02/05/2019 00:00:00;10.93;8.56;6.68;94.99;100.0;73.25;1.07,
03/05/2019 00:00:00;8.79;6.52;4.53;99.92;100.0;96.7;12.52,
04/05/2019 00:00:00;12.67;7.61;3.6;91.37;100.0;62.91;6.96,
05/05/2019 00:00:00;12.13;5.79;1.38;71.12;99.8;45.78;0.0,
06/05/2019 00:00:00;19.18;10.76;4.12;50.76;71.53;26.2;0.0,
07/05/2019 00:00:00;21.54;16.15;8.39;45.85;69.87;30.69;0.0,
08/05/2019 00:00:00;18.35;12.84;7.36;83.93;100.0;50.34;2.89,
09/05/2019 00:00:00;17.83;11.49;7.0;77.54;100.0;32.17;7.28,
10/05/2019 00:00:00;21.24;14.32;10.77;89.18;100.0;57.21;5.78,
11/05/2019 00:00:00;14.5;10.24;7.3;92.71;100.0;66.17;4.93,
12/05/2019 00:00:00;17.42;10.99;6.62;76.43;100.0;50.0;0.0,
13/05/2019 00:00:00;18.1;12.78;7.96;51.12;67.74;33.56;0.0,
14/05/2019 00:00:00;21.31;14.42;6.55;55.39;77.26;31.61;0.0,
15/05/2019 00:00:00;21.95;14.81;7.06;58.88;84.2;39.62;0.0,
16/05/2019 00:00:00;21.76;13.57;8.58;70.35;100.0;46.32;9.11,
17/05/2019 00:00:00;9.29;7.78;6.29;100.0;100.0;100.0;54.64,
18/05/2019 00:00:00;7.81;6.52;5.71;93.2;100.0;79.13;29.46,
19/05/2019 00:00:00;8.33;7.44;6.42;100.0;100.0;100.0;54.31,
20/05/2019 00:00:00;13.93;9.13;6.54;93.88;100.0;76.01;0.64,
21/05/2019 00:00:00;16.98;11.24;7.0;86.11;100.0;61.44;0.0,
22/05/2019 00:00:00;20.64;14.45;8.47;77.86;100.0;54.04;0.0,
23/05/2019 00:00:00;21.25;14.44;10.41;73.9;100.0;45.19;1.39,
24/05/2019 00:00:00;11.06;10.14;9.28;100.0;100.0;100.0;14.56,
25/05/2019 00:00:00;11.68;9.76;8.86;100.0;100.0;100.0;16.17,
26/05/2019 00:00:00;12.37;10.07;8.37;100.0;100.0;100.0;10.7,
27/05/2019 00:00:00;12.85;10.39;7.81;100.0;100.0;100.0;7.28,
28/05/2019 00:00:00;11.35;8.99;7.85;99.61;100.0;91.7;9.32,
29/05/2019 00:00:00;15.57;10.48;6.59;88.21;100.0;65.2;3.75,
30/05/2019 00:00:00;22.65;14.82;6.04;74.14;100.0;48.38;0.0,
31/05/2019 00:00:00;25.93;19.1;11.73;66.98;97.1;41.59;0.0,
01/06/2019 00:00:00;30.09;22.5;14.9;47.83;74.59;25.79;0.0,
02/06/2019 00:00:00;30.59;22.17;13.62;47.16;72.18;29.08;0.0,
03/06/2019 00:00:00;25.11;17.93;12.35;72.0;100.0;54.2;0.0,
04/06/2019 00:00:00;26.98;16.96;9.5;73.24;100.0;29.04;5.36,
05/06/2019 00:00:00;10.64;9.25;6.96;99.03;100.0;91.6;43.39,
06/06/2019 00:00:00;21.36;14.68;6.5;64.48;100.0;34.45;0.0,
07/06/2019 00:00:00;17.7;11.97;6.07;67.72;94.6;45.87;9.54,
08/06/2019 00:00:00;18.54;12.55;5.62;70.94;100.0;52.36;0.43,
09/06/2019 00:00:00;19.67;12.86;9.73;91.97;100.0;64.95;3.86,
10/06/2019 00:00:00;11.03;9.29;7.77;97.98;100.0;89.9;5.14,
11/06/2019 00:00:00;10.27;8.26;6.51;97.14;100.0;86.5;9.75,
12/06/2019 00:00:00;17.01;10.88;6.05;75.2;98.5;52.16;0.0,
13/06/2019 00:00:00;23.38;13.17;6.24;81.93;100.0;43.55;1.61,
14/06/2019 00:00:00;14.59;11.51;9.59;99.67;100.0;93.9;8.04,
15/06/2019 00:00:00;18.73;12.71;8.87;85.28;100.0;55.39;3.1,
16/06/2019 00:00:00;24.37;16.72;8.98;74.19;100.0;51.81;0.0,
17/06/2019 00:00:00;29.0;21.05;12.39;60.27;89.1;32.05;0.0,
18/06/2019 00:00:00;30.52;23.02;14.35;47.51;100.0;15.11;0.0,
19/06/2019 00:00:00;23.72;17.67;13.46;75.23;95.9;52.54;0.0,
20/06/2019 00:00:00;15.22;13.3;11.55;99.94;100.0;96.5;9.63,
21/06/2019 00:00:00;16.23;12.1;10.66;95.57;100.0;74.17;4.71,
22/06/2019 00:00:00;26.38;17.95;8.64;76.12;100.0;35.11;0.0,
23/06/2019 00:00:00;30.63;23.73;16.4;56.72;98.1;34.96;0.0,
24/06/2019 00:00:00;26.17;20.53;14.87;70.63;100.0;31.21;0.21,
25/06/2019 00:00:00;27.43;20.71;14.75;84.5;100.0;56.23;0.11,
26/06/2019 00:00:00;35.43;28.22;16.64;44.52;100.0;20.06;0.0,
27/06/2019 00:00:00;35.19;30.74;26.58;26.53;46.22;15.98;0.0,
28/06/2019 00:00:00;29.09;21.8;14.1;77.83;100.0;42.63;0.0,
29/06/2019 00:00:00;34.29;23.12;14.98;68.2;100.0;17.25;0.86,
30/06/2019 00:00:00;23.97;17.54;14.09;93.08;100.0;72.51;1.82,
01/07/2019 00:00:00;16.04;14.75;13.99;100.0;100.0;100.0;2.03,
02/07/2019 00:00:00;22.17;16.58;14.16;94.65;100.0;72.4;1.39,
03/07/2019 00:00:00;28.28;20.89;15.56;85.13;100.0;60.0;0.11,
04/07/2019 00:00:00;30.71;24.71;17.61;65.59;100.0;37.32;0.0,
05/07/2019 00:00:00;31.3;25.48;18.6;52.74;97.8;30.63;0.0,
06/07/2019 00:00:00;27.54;20.46;16.43;88.92;100.0;67.47;0.0,
07/07/2019 00:00:00;21.2;17.67;15.67;96.28;100.0;79.45;1.93,
08/07/2019 00:00:00;18.05;16.83;15.01;99.97;100.0;97.3;32.68,
09/07/2019 00:00:00;19.81;15.79;14.1;95.1;100.0;70.71;10.07,
10/07/2019 00:00:00;24.67;18.06;11.98;80.76;100.0;58.17;0.0,
11/07/2019 00:00:00;26.55;20.17;14.7;84.66;100.0;62.88;0.0,
12/07/2019 00:00:00;26.92;19.46;13.32;81.04;100.0;52.12;0.0,
13/07/2019 00:00:00;24.73;18.65;12.54;85.95;100.0;64.86;0.0,
14/07/2019 00:00:00;23.32;18.82;15.83;84.78;100.0;59.86;0.0,
15/07/2019 00:00:00;23.86;17.84;13.66;78.76;100.0;48.22;0.0,
16/07/2019 00:00:00;23.6;17.88;12.46;86.33;100.0;61.03;0.0,
17/07/2019 00:00:00;22.8;17.08;13.81;91.03;100.0;62.76;1.39,
18/07/2019 00:00:00;22.49;16.69;12.1;86.51;100.0;62.35;0.0,
19/07/2019 00:00:00;29.4;20.08;11.15;78.42;100.0;52.12;0.0,
20/07/2019 00:00:00;19.42;18.03;16.51;100.0;100.0;100.0;1.71,
21/07/2019 00:00:00;24.28;19.48;16.23;90.71;100.0;70.01;0.43,
22/07/2019 00:00:00;32.86;24.52;17.11;75.27;100.0;26.33;0.11,
23/07/2019 00:00:00;35.9;29.41;20.78;34.99;71.62;19.77;0.11,
24/07/2019 00:00:00;34.61;26.67;18.74;51.85;79.84;25.74;0.0,
25/07/2019 00:00:00;35.95;27.47;18.24;52.21;100.0;21.14;0.75,
26/07/2019 00:00:00;19.49;16.77;14.23;100.0;100.0;100.0;13.17,
27/07/2019 00:00:00;14.85;13.57;12.3;100.0;100.0;100.0;35.99,
28/07/2019 00:00:00;21.43;15.73;12.34;85.16;100.0;65.19;4.18,
29/07/2019 00:00:00;26.32;17.81;12.19;75.39;100.0;46.38;3.0,
30/07/2019 00:00:00;18.07;13.98;11.03;92.15;100.0;70.77;2.03,
31/07/2019 00:00:00;20.53;15.38;10.01;83.45;100.0;65.63;0.0,
01/08/2019 00:00:00;24.79;16.84;13.14;92.77;100.0;64.82;19.5,
02/08/2019 00:00:00;23.3;18.03;15.09;89.31;100.0;66.01;0.0,
03/08/2019 00:00:00;28.37;20.42;13.12;83.77;100.0;58.68;0.11,
04/08/2019 00:00:00;21.4;17.9;16.25;97.18;100.0;82.8;0.43,
05/08/2019 00:00:00;21.25;18.08;16.2;97.25;100.0;85.3;0.11,
06/08/2019 00:00:00;26.63;19.92;16.56;90.88;100.0;70.35;0.96,
07/08/2019 00:00:00;25.13;19.72;16.27;87.78;100.0;66.03;1.39,
08/08/2019 00:00:00;31.81;25.25;18.8;57.08;93.7;39.15;0.0,
09/08/2019 00:00:00;29.96;24.55;17.23;66.96;100.0;36.8;2.25,
10/08/2019 00:00:00;22.31;17.24;14.81;93.4;100.0;72.16;2.14,
11/08/2019 00:00:00;19.69;15.3;13.64;97.38;100.0;74.25;6.11,
12/08/2019 00:00:00;18.88;13.66;11.8;94.15;100.0;65.34;7.93,
13/08/2019 00:00:00;19.78;14.08;10.72;86.37;100.0;62.85;0.11,
14/08/2019 00:00:00;25.24;17.15;9.09;74.94;100.0;40.44;0.43,
15/08/2019 00:00:00;20.29;15.96;11.31;92.65;100.0;66.64;7.18,
16/08/2019 00:00:00;28.94;18.42;9.81;84.19;100.0;40.35;0.11,
17/08/2019 00:00:00;28.19;20.56;13.5;66.25;97.2;51.95;0.0,
18/08/2019 00:00:00;24.28;18.08;13.22;91.4;100.0;69.57;5.35,
19/08/2019 00:00:00;17.58;14.79;12.34;85.45;100.0;64.39;1.07,
20/08/2019 00:00:00;18.22;14.88;12.36;88.21;100.0;70.27;3.53,
21/08/2019 00:00:00;22.73;16.76;12.13;80.63;100.0;58.7;0.0,
22/08/2019 00:00:00;24.39;17.35;11.53;72.34;91.8;45.2;0.0,
23/08/2019 00:00:00;31.21;21.75;12.35;57.05;89.6;30.22;0.0,
24/08/2019 00:00:00;32.24;23.74;17.38;61.14;100.0;30.02;0.32,
25/08/2019 00:00:00;26.89;20.0;15.37;91.23;100.0;69.99;0.11,
26/08/2019 00:00:00;28.85;21.16;14.59;71.31;100.0;34.53;0.54,
27/08/2019 00:00:00;24.91;18.67;15.05;90.37;100.0;66.77;20.68,
28/08/2019 00:00:00;27.74;20.37;14.92;88.46;100.0;57.33;0.0,
29/08/2019 00:00:00;27.1;20.49;15.46;85.64;100.0;65.9;0.0,
30/08/2019 00:00:00;28.93;20.84;15.01;89.2;100.0;64.19;0.0,
31/08/2019 00:00:00;24.42;18.96;15.56;92.68;100.0;70.92;1.82,
01/09/2019 00:00:00;22.22;16.43;12.38;92.05;100.0;68.62;0.54,
02/09/2019 00:00:00;20.11;14.3;11.13;80.94;100.0;57.18;0.0,
03/09/2019 00:00:00;23.21;15.55;10.4;71.51;92.7;45.19;0.0,
04/09/2019 00:00:00;22.5;15.54;10.21;81.81;99.1;61.57;0.0,
05/09/2019 00:00:00;18.7;13.84;11.14;84.18;100.0;58.8;2.68,
06/09/2019 00:00:00;17.79;13.01;9.63;75.57;90.9;58.94;0.0,
07/09/2019 00:00:00;20.05;13.5;7.88;76.31;100.0;59.13;0.86,
08/09/2019 00:00:00;20.26;13.43;7.91;84.9;100.0;47.66;0.32,
09/09/2019 00:00:00;19.88;12.31;6.61;83.49;100.0;58.89;0.86,
10/09/2019 00:00:00;15.72;10.98;7.86;98.49;100.0;78.41;19.82,
11/09/2019 00:00:00;20.11;14.28;9.46;80.18;100.0;54.9;0.0,
12/09/2019 00:00:00;22.92;15.2;8.73;80.01;100.0;50.39;0.0,
13/09/2019 00:00:00;24.65;17.5;11.63;78.47;99.9;40.92;0.0,
14/09/2019 00:00:00;27.72;20.75;15.36;68.26;89.6;45.85;0.0,
15/09/2019 00:00:00;27.08;19.27;16.1;80.96;100.0;52.89;3.86,
16/09/2019 00:00:00;26.88;20.06;15.53;82.35;100.0;58.22;0.11,
17/09/2019 00:00:00;26.63;19.77;15.62;85.93;100.0;63.4;0.0,
18/09/2019 00:00:00;25.39;18.07;14.56;90.96;100.0;54.58;0.96,
19/09/2019 00:00:00;23.2;17.9;14.61;89.18;100.0;70.68;0.0,
20/09/2019 00:00:00;27.75;22.61;16.41;53.87;92.0;36.93;0.0,
21/09/2019 00:00:00;23.71;20.29;17.14;62.84;77.54;49.61;0.0,
22/09/2019 00:00:00;20.85;15.88;11.47;86.71;100.0;61.78;16.07,
23/09/2019 00:00:00;21.63;16.14;10.53;70.97;100.0;43.94;0.0,
24/09/2019 00:00:00;24.48;18.06;12.71;66.51;100.0;41.89;0.75,
25/09/2019 00:00:00;17.38;13.98;11.62;87.77;100.0;68.15;0.0,
26/09/2019 00:00:00;23.29;15.71;10.81;87.89;100.0;59.47;0.0,
27/09/2019 00:00:00;22.51;16.12;10.88;83.97;100.0;57.01;0.0,
28/09/2019 00:00:00;23.37;16.75;12.34;82.94;100.0;51.34;0.64,
29/09/2019 00:00:00;27.81;20.54;15.29;56.56;91.0;31.95;0.0,
30/09/2019 00:00:00;26.13;18.75;13.5;82.0;100.0;55.36;0.0,
01/10/2019 00:00:00;19.59;16.6;12.94;80.95;100.0;55.1;2.78,
02/10/2019 00:00:00;13.65;12.28;11.48;99.58;100.0;91.0;30.32,
03/10/2019 00:00:00;19.54;12.9;7.96;86.68;100.0;59.16;0.0,
04/10/2019 00:00:00;15.45;13.55;10.41;97.55;100.0;77.11;5.24,
05/10/2019 00:00:00;18.46;13.43;10.17;93.81;100.0;71.26;0.0,
06/10/2019 00:00:00;15.12;12.6;10.19;97.99;100.0;80.7;1.93,
07/10/2019 00:00:00;19.38;12.96;9.68;82.97;100.0;54.25;0.21,
08/10/2019 00:00:00;24.88;16.31;10.06;65.95;100.0;37.6;2.78,
09/10/2019 00:00:00;13.83;11.84;10.3;99.77;100.0;91.6;5.68,
10/10/2019 00:00:00;19.37;12.99;7.75;81.89;100.0;51.89;0.0,
11/10/2019 00:00:00;25.69;19.99;12.64;55.92;77.04;43.81;0.0,
12/10/2019 00:00:00;25.24;21.99;19.98;57.09;66.56;43.63;0.0,
13/10/2019 00:00:00;25.93;21.69;18.69;54.63;65.61;37.86;0.0,
14/10/2019 00:00:00;21.82;16.96;8.4;72.21;100.0;47.69;67.6,
15/10/2019 00:00:00;15.43;10.93;7.35;72.72;100.0;52.5;0.11,
16/10/2019 00:00:00;18.07;14.99;12.1;51.83;62.26;43.35;0.0,
17/10/2019 00:00:00;19.51;15.65;10.39;62.94;98.4;44.36;2.68,
18/10/2019 00:00:00;17.04;13.8;11.65;89.72;100.0;67.23;1.29,
19/10/2019 00:00:00;18.59;16.02;13.7;63.07;78.59;48.39;0.21,
20/10/2019 00:00:00;16.23;10.82;7.19;89.86;100.0;64.71;9.1,
21/10/2019 00:00:00;12.57;8.23;5.11;92.38;100.0;67.32;0.21,
22/10/2019 00:00:00;10.29;7.38;5.25;98.21;100.0;83.1;28.82,
23/10/2019 00:00:00;14.24;10.34;7.45;91.77;100.0;65.21;0.32,
24/10/2019 00:00:00;12.39;10.23;8.27;91.91;100.0;76.77;10.6,
25/10/2019 00:00:00;22.29;14.17;8.95;81.41;100.0;50.38;0.0,
26/10/2019 00:00:00;21.66;17.8;12.7;58.62;78.97;46.56;0.0,
27/10/2019 00:00:00;21.51;17.56;14.48;56.19;72.75;47.93;0.0,
28/10/2019 00:00:00;20.2;16.39;13.81;63.15;79.78;47.26;0.0,
29/10/2019 00:00:00;21.6;15.25;11.01;81.7;100.0;57.44;0.0,
30/10/2019 00:00:00;21.39;15.37;10.45;78.08;100.0;54.48;0.43,
31/10/2019 00:00:00;14.78;12.96;10.21;98.3;100.0;88.5;17.46,
01/11/2019 00:00:00;19.72;14.91;11.66;95.84;100.0;71.75;21.64,
02/11/2019 00:00:00;16.11;14.11;11.5;82.67;100.0;45.15;18.32,
03/11/2019 00:00:00;15.18;10.76;7.4;76.65;100.0;55.88;18.21,
04/11/2019 00:00:00;15.36;11.52;7.07;84.48;100.0;59.03;18.0,
05/11/2019 00:00:00;9.09;7.14;5.77;89.02;100.0;63.22;43.26,
06/11/2019 00:00:00;10.54;8.28;6.9;94.45;100.0;70.29;12.95,
07/11/2019 00:00:00;9.49;6.09;1.98;94.3;100.0;74.17;24.96,
08/11/2019 00:00:00;6.62;4.8;1.87;94.06;100.0;67.15;40.06,
09/11/2019 00:00:00;8.97;6.44;3.68;96.89;100.0;77.03;29.56,
10/11/2019 00:00:00;4.35;2.48;1.2;100.0;100.0;99.9;35.57,
11/11/2019 00:00:00;7.53;5.19;2.35;100.0;100.0;99.8;10.12,
12/11/2019 00:00:00;7.33;6.15;4.94;99.72;100.0;91.9;21.53,
13/11/2019 00:00:00;10.0;6.95;5.24;91.72;100.0;64.95;5.57,
14/11/2019 00:00:00;9.9;4.07;1.03;89.35;100.0;55.35;33.1,
15/11/2019 00:00:00;4.78;2.73;0.09;95.1;100.0;76.16;10.82,
16/11/2019 00:00:00;4.92;3.05;0.95;95.25;100.0;77.8;29.03,
17/11/2019 00:00:00;6.6;5.45;4.33;96.11;100.0;86.2;17.7,
18/11/2019 00:00:00;5.78;3.38;1.44;91.9;100.0;76.16;1.48,
19/11/2019 00:00:00;8.91;4.26;-0.14;80.66;100.0;61.42;0.0,
20/11/2019 00:00:00;9.28;7.29;4.74;62.11;75.86;52.43;0.0,
21/11/2019 00:00:00;9.94;7.67;5.75;72.32;78.83;63.58;0.0,
22/11/2019 00:00:00;11.43;9.2;7.84;73.9;92.1;64.23;3.15,
23/11/2019 00:00:00;10.66;7.2;4.87;89.07;100.0;61.2;60.41,
24/11/2019 00:00:00;9.06;6.78;5.09;93.06;100.0;71.66;24.57,
25/11/2019 00:00:00;15.36;10.33;7.33;88.6;100.0;65.12;0.18,
26/11/2019 00:00:00;15.6;13.37;10.55;69.33;89.1;60.61;4.86,
27/11/2019 00:00:00;13.63;11.22;8.13;68.05;100.0;53.02;1.08,
28/11/2019 00:00:00;12.73;10.49;7.83;83.92;100.0;68.64;4.68,
29/11/2019 00:00:00;14.86;10.03;7.22;87.68;100.0;62.5;4.68,
30/11/2019 00:00:00;14.72;9.76;4.85;83.42;100.0;63.67;29.04,
01/12/2019 00:00:00;12.91;7.04;4.13;88.19;100.0;58.48;2.46,
02/12/2019 00:00:00;7.03;4.75;1.96;97.76;100.0;83.0;3.21,
03/12/2019 00:00:00;4.6;1.93;-0.2;98.51;100.0;83.3;0.86,
04/12/2019 00:00:00;10.68;5.85;2.95;84.33;100.0;59.93;0.0,
05/12/2019 00:00:00;11.98;6.07;3.32;90.2;100.0;53.05;0.0,
06/12/2019 00:00:00;13.64;8.15;2.64;80.89;100.0;57.52;0.0,
07/12/2019 00:00:00;15.47;9.28;5.47;80.01;92.6;60.43;0.0,
08/12/2019 00:00:00;11.65;9.05;6.86;88.99;100.0;74.66;11.78,
09/12/2019 00:00:00;8.34;6.92;5.89;94.39;100.0;71.8;23.04,
10/12/2019 00:00:00;12.77;7.64;3.23;76.97;100.0;45.63;0.81,
11/12/2019 00:00:00;11.79;6.78;4.05;82.2;100.0;41.89;24.95,
12/12/2019 00:00:00;10.49;6.85;4.51;93.22;100.0;75.34;82.24,
13/12/2019 00:00:00;11.21;10.49;9.57;98.33;100.0;87.6;89.91,
14/12/2019 00:00:00;14.52;11.53;9.38;69.5;93.6;57.09;0.0,
15/12/2019 00:00:00;14.15;11.97;10.15;57.73;65.25;50.44;0.0,
16/12/2019 00:00:00;14.87;13.01;10.19;47.44;66.76;33.87;0.0,
17/12/2019 00:00:00;13.89;9.39;5.7;81.96;100.0;48.11;15.86,
18/12/2019 00:00:00;13.01;10.2;5.55;67.58;100.0;46.28;0.0,
19/12/2019 00:00:00;14.92;12.74;10.7;63.26;80.8;56.74;0.99,
20/12/2019 00:00:00;13.34;9.57;7.0;83.39;100.0;57.92;23.42,
21/12/2019 00:00:00;16.76;10.82;5.51;74.91;100.0;53.0;3.15,
22/12/2019 00:00:00;11.63;8.34;5.99;81.52;100.0;56.21;25.13,
23/12/2019 00:00:00;12.26;9.18;6.04;76.88;100.0;44.8;1.44,
24/12/2019 00:00:00;18.41;11.52;8.08;75.95;87.4;50.97;0.0,
25/12/2019 00:00:00;19.37;13.31;9.32;60.34;86.6;40.9;0.0,
26/12/2019 00:00:00;16.37;8.52;3.71;82.2;100.0;36.54;1.17,
27/12/2019 00:00:00;12.72;6.77;3.16;75.01;86.8;55.91;0.0,
28/12/2019 00:00:00;14.24;8.58;4.98;68.89;81.9;55.58;0.0,
29/12/2019 00:00:00;14.54;9.6;6.43;41.67;62.95;23.29;0.0,
30/12/2019 00:00:00;12.75;8.67;6.03;38.49;67.95;15.77;0.0,
31/12/2019 00:00:00;11.14;6.98;3.9;66.81;100.0;35.04;0.0,
,01/01/2020 00:00:00;11.78;1.68;100.0;63.53;0.0
,02/01/2020 00:00:00;15.46;4.28;69.07;24.64;0.0
,03/01/2020 00:00:00;9.87;2.4;100.0;52.29;0.18
,04/01/2020 00:00:00;8.35;4.34;100.0;87.2;1.26
,05/01/2020 00:00:00;13.6;2.08;100.0;28.04;0.0
,06/01/2020 00:00:00;13.93;3.43;100.0;47.0;0.0
,07/01/2020 00:00:00;13.67;3.76;98.3;64.2;0.0
,08/01/2020 00:00:00;15.77;6.36;93.4;51.92;0.0
,09/01/2020 00:00:00;14.03;5.75;100.0;48.42;4.05
,10/01/2020 00:00:00;6.75;3.61;100.0;80.6;15.4
,11/01/2020 00:00:00;10.23;1.51;100.0;53.88;0.0
,12/01/2020 00:00:00;11.48;1.74;94.4;65.47;0.0
,13/01/2020 00:00:00;12.02;2.92;94.1;29.22;0.0
,14/01/2020 00:00:00;12.17;6.93;53.75;34.6;0.0
,15/01/2020 00:00:00;11.33;7.82;67.17;52.26;0.0
,16/01/2020 00:00:00;13.65;9.53;66.5;54.0;0.0
,17/01/2020 00:00:00;11.93;1.68;100.0;53.8;13.33
,18/01/2020 00:00:00;10.11;1.67;100.0;51.73;10.27
,19/01/2020 00:00:00;5.62;-0.19;100.0;61.0;7.56
,20/01/2020 00:00:00;2.96;-1.9;87.8;62.76;0.0
,21/01/2020 00:00:00;4.73;-0.35;100.0;72.06;0.0
,22/01/2020 00:00:00;10.08;3.42;100.0;64.79;0.36
,23/01/2020 00:00:00;7.39;4.3;100.0;71.5;4.86
,24/01/2020 00:00:00;11.08;6.77;75.23;57.6;0.0
,25/01/2020 00:00:00;10.24;7.13;78.2;60.59;0.27
,26/01/2020 00:00:00;12.08;5.27;100.0;52.33;1.08
,27/01/2020 00:00:00;11.35;6.95;69.67;55.73;0.0
,28/01/2020 00:00:00;12.15;3.51;100.0;63.3;4.23
,29/01/2020 00:00:00;13.98;3.58;100.0;64.19;3.51
,30/01/2020 00:00:00;15.41;10.3;100.0;57.9;3.33
,31/01/2020 00:00:00;18.45;8.53;87.7;50.99;0.0
,01/02/2020 00:00:00;18.81;10.92;100.0;59.46;2.79
,02/02/2020 00:00:00;20.23;11.43;82.0;53.58;0.0
,03/02/2020 00:00:00;22.71;11.68;71.99;25.76;0.0
,04/02/2020 00:00:00;13.27;4.29;100.0;61.27;5.13
,05/02/2020 00:00:00;9.4;1.83;99.9;56.85;0.09
,06/02/2020 00:00:00;15.45;6.21;56.22;21.33;0.0
,07/02/2020 00:00:00;15.27;7.52;75.66;28.63;0.0
,08/02/2020 00:00:00;11.31;5.35;100.0;66.02;0.9
,09/02/2020 00:00:00;13.85;6.89;94.2;55.43;0.0
,10/02/2020 00:00:00;19.9;8.24;100.0;43.02;0.18
,11/02/2020 00:00:00;9.58;6.44;100.0;100.0;10.08
,12/02/2020 00:00:00;13.37;4.84;100.0;65.45;0.09
,13/02/2020 00:00:00;14.78;8.0;100.0;62.58;1.08
,14/02/2020 00:00:00;15.94;5.97;100.0;51.91;0.36
,15/02/2020 00:00:00;17.38;5.94;89.2;44.62;0.0
,16/02/2020 00:00:00;19.7;13.93;55.53;31.47;0.0
,17/02/2020 00:00:00;15.23;4.56;100.0;53.93;7.2
,18/02/2020 00:00:00;10.15;3.03;100.0;61.76;1.53
,19/02/2020 00:00:00;12.28;3.63;100.0;54.39;0.0
,20/02/2020 00:00:00;18.15;3.93;100.0;27.37;0.0
,21/02/2020 00:00:00;14.18;2.95;100.0;56.53;0.0
,22/02/2020 00:00:00;17.93;5.14;96.7;38.56;0.0
,23/02/2020 00:00:00;21.41;5.04;78.62;18.75;0.0
,24/02/2020 00:00:00;23.47;5.02;75.18;16.06;0.0
,25/02/2020 00:00:00;9.17;3.45;100.0;80.9;9.99
,26/02/2020 00:00:00;6.0;4.22;100.0;89.1;20.62
,27/02/2020 00:00:00;11.96;4.87;100.0;44.5;25.94
,28/02/2020 00:00:00;17.7;6.31;100.0;32.67;1.17
,29/02/2020 00:00:00;13.45;5.9;100.0;48.06;4.77
,01/03/2020 00:00:00;14.03;5.67;100.0;45.26;1.71
,02/03/2020 00:00:00;12.38;1.07;100.0;72.05;36.11
,03/03/2020 00:00:00;10.09;3.1;100.0;71.81;14.32
,04/03/2020 00:00:00;13.79;5.13;100.0;66.57;15.14
,05/03/2020 00:00:00;13.98;3.83;100.0;64.86;33.14
,06/03/2020 00:00:00;5.56;0.55;100.0;72.84;35.64
,07/03/2020 00:00:00;7.65;2.2;100.0;100.0;13.77
,08/03/2020 00:00:00;13.61;2.99;100.0;57.38;3.24
,09/03/2020 00:00:00;6.78;4.69;100.0;86.7;17.19
,10/03/2020 00:00:00;16.83;3.87;100.0;34.89;0.0
,11/03/2020 00:00:00;21.39;6.87;87.5;43.17;0.0
,12/03/2020 00:00:00;12.19;6.97;100.0;75.79;3.69
,13/03/2020 00:00:00;7.31;3.66;100.0;82.2;0.09
,14/03/2020 00:00:00;13.09;2.8;100.0;61.51;0.0
,15/03/2020 00:00:00;19.3;4.82;100.0;30.26;28.19
,16/03/2020 00:00:00;7.57;5.35;100.0;100.0;27.1
,17/03/2020 00:00:00;10.7;7.01;100.0;88.0;0.0
,18/03/2020 00:00:00;17.34;8.13;100.0;55.2;0.0
,19/03/2020 00:00:00;19.11;11.23;80.7;37.84;0.0
,20/03/2020 00:00:00;17.31;10.5;65.58;42.08;0.0
,21/03/2020 00:00:00;18.49;7.34;79.91;36.77;0.0
,22/03/2020 00:00:00;15.6;7.39;100.0;51.06;0.0
,23/03/2020 00:00:00;14.33;7.61;100.0;63.93;0.18
,24/03/2020 00:00:00;17.67;7.38;88.8;45.57;0.0
,25/03/2020 00:00:00;16.11;3.56;89.1;43.74;0.0
,26/03/2020 00:00:00;10.1;0.96;88.3;36.73;0.0
,27/03/2020 00:00:00;12.96;-0.18;89.6;36.02;0.0
,28/03/2020 00:00:00;16.35;2.79;90.4;35.79;0.0
,29/03/2020 00:00:00;11.6;0.44;100.0;66.05;0.72
,30/03/2020 00:00:00;3.84;-1.31;100.0;67.19;0.27
,31/03/2020 00:00:00;7.17;-0.13;100.0;89.2;2.79
,01/04/2020 00:00:00;12.77;5.09;100.0;66.7;1.98
,02/04/2020 00:00:00;14.16;3.53;100.0;65.68;0.0
,03/04/2020 00:00:00;13.58;3.86;88.3;47.89;0.0
,04/04/2020 00:00:00;19.73;4.74;78.42;29.25;0.0
,05/04/2020 00:00:00;18.81;10.87;57.88;35.64;0.0
,06/04/2020 00:00:00;16.47;10.1;100.0;50.02;13.24
,07/04/2020 00:00:00;16.15;10.26;100.0;67.05;1.17
,08/04/2020 00:00:00;22.27;11.86;78.44;45.87;0.09
,09/04/2020 00:00:00;22.51;9.88;79.15;35.32;0.0
,10/04/2020 00:00:00;21.24;12.92;79.24;36.02;0.0
,11/04/2020 00:00:00;18.97;11.35;100.0;56.58;6.93
,12/04/2020 00:00:00;17.69;10.59;100.0;46.48;0.63
,13/04/2020 00:00:00;18.71;10.35;100.0;40.78;0.0
,14/04/2020 00:00:00;17.61;8.37;100.0;56.01;0.0
,15/04/2020 00:00:00;19.01;13.19;68.0;39.83;0.0
,16/04/2020 00:00:00;20.2;12.79;87.4;39.74;1.17
,17/04/2020 00:00:00;20.28;10.57;100.0;49.59;1.62
,18/04/2020 00:00:00;20.58;10.42;100.0;47.67;21.71
,19/04/2020 00:00:00;12.9;9.33;100.0;100.0;7.02
,20/04/2020 00:00:00;12.16;9.53;100.0;100.0;16.66
,21/04/2020 00:00:00;9.86;8.33;100.0;100.0;33.85
,22/04/2020 00:00:00;10.28;8.1;100.0;100.0;7.56
,23/04/2020 00:00:00;19.17;8.6;100.0;65.36;0.09
,24/04/2020 00:00:00;19.98;12.17;100.0;55.37;5.4
,25/04/2020 00:00:00;19.95;11.91;100.0;60.87;0.0
,26/04/2020 00:00:00;17.52;11.59;100.0;76.19;6.39
,27/04/2020 00:00:00;16.03;7.36;100.0;77.71;14.86
,28/04/2020 00:00:00;14.7;5.87;100.0;60.7;2.7
,29/04/2020 00:00:00;18.37;5.71;100.0;48.89;0.18
,30/04/2020 00:00:00;17.76;11.89;82.3;45.2;1.26
,01/05/2020 00:00:00;19.21;12.86;100.0;57.4;8.37
,02/05/2020 00:00:00;21.36;11.66;100.0;58.93;0.0
,03/05/2020 00:00:00;24.51;10.64;100.0;44.58;0.0
,04/05/2020 00:00:00;28.97;13.68;90.0;32.3;2.43
,05/05/2020 00:00:00;24.01;11.3;87.5;35.44;0.0
,06/05/2020 00:00:00;23.0;12.32;86.3;52.66;0.0
,07/05/2020 00:00:00;25.97;13.05;83.6;42.54;0.0
,08/05/2020 00:00:00;25.77;13.69;100.0;29.4;1.89
,09/05/2020 00:00:00;24.58;12.04;100.0;43.41;0.63
,10/05/2020 00:00:00;13.78;9.23;100.0;93.4;58.91
,11/05/2020 00:00:00;12.42;8.25;100.0;86.2;24.04
,12/05/2020 00:00:00;13.72;7.72;100.0;89.6;3.96
,13/05/2020 00:00:00;13.1;8.84;100.0;99.7;4.86
,14/05/2020 00:00:00;11.83;8.9;100.0;100.0;7.56
,15/05/2020 00:00:00;10.77;8.45;100.0;97.9;1.8
,16/05/2020 00:00:00;15.85;8.78;100.0;75.43;2.07
,17/05/2020 00:00:00;16.75;7.35;100.0;71.24;0.0
,18/05/2020 00:00:00;19.92;7.14;100.0;54.38;0.0
,19/05/2020 00:00:00;21.6;9.07;100.0;54.44;0.0
,20/05/2020 00:00:00;25.0;10.19;99.8;39.3;0.0
,21/05/2020 00:00:00;26.63;11.39;100.0;50.36;0.0
,22/05/2020 00:00:00;23.55;13.56;100.0;56.21;1.17
,23/05/2020 00:00:00;14.26;10.37;100.0;96.9;6.57
,24/05/2020 00:00:00;17.73;9.63;100.0;62.63;0.09
,25/05/2020 00:00:00;22.05;10.61;87.5;52.64;0.0
,26/05/2020 00:00:00;22.57;9.71;100.0;63.61;0.0
,27/05/2020 00:00:00;25.63;11.11;100.0;55.21;0.0
,28/05/2020 00:00:00;27.73;16.62;74.78;36.66;0.0
,29/05/2020 00:00:00;26.92;14.77;77.07;39.38;0.0
,30/05/2020 00:00:00;26.79;13.74;81.9;47.56;0.0
,31/05/2020 00:00:00;27.42;16.65;81.6;49.84;0.0
,01/06/2020 00:00:00;25.71;15.08;100.0;53.14;0.0
,02/06/2020 00:00:00;25.11;13.94;100.0;60.33;0.0
,03/06/2020 00:00:00;19.51;13.36;100.0;85.5;3.51
,04/06/2020 00:00:00;13.37;10.7;100.0;85.9;19.45
,05/06/2020 00:00:00;15.32;9.44;100.0;74.62;0.81
,06/06/2020 00:00:00;17.34;11.66;100.0;69.93;10.53
,07/06/2020 00:00:00;11.59;8.5;100.0;81.8;9.0
,08/06/2020 00:00:00;12.88;8.1;100.0;89.8;28.82
,09/06/2020 00:00:00;15.47;8.9;100.0;71.03;6.58
,10/06/2020 00:00:00;13.8;8.15;100.0;79.97;0.45
,11/06/2020 00:00:00;15.56;7.19;100.0;60.93;26.3
,12/06/2020 00:00:00;16.52;6.67;100.0;56.73;9.19
,13/06/2020 00:00:00;19.0;10.84;100.0;54.18;2.43
,14/06/2020 00:00:00;21.5;9.08;100.0;51.64;0.09
,15/06/2020 00:00:00;18.78;8.99;94.5;65.56;0.0
,16/06/2020 00:00:00;18.53;9.44;100.0;59.05;6.4
,17/06/2020 00:00:00;16.34;8.59;100.0;71.24;0.72
,18/06/2020 00:00:00;18.54;8.04;100.0;66.28;4.05
,19/06/2020 00:00:00;20.2;8.57;100.0;69.34;0.0
,20/06/2020 00:00:00;23.41;11.26;100.0;62.66;0.0
,21/06/2020 00:00:00;24.12;10.93;100.0;52.04;0.0
,22/06/2020 00:00:00;22.91;13.06;100.0;57.11;0.0
,23/06/2020 00:00:00;29.96;13.77;100.0;50.02;0.0
,24/06/2020 00:00:00;32.5;18.69;76.18;37.91;0.0
,25/06/2020 00:00:00;28.08;14.91;100.0;44.47;25.5
,26/06/2020 00:00:00;22.42;14.12;100.0;77.33;0.27
,27/06/2020 00:00:00;25.87;12.97;100.0;54.9;0.0
,28/06/2020 00:00:00;23.12;15.17;100.0;67.52;0.18
,29/06/2020 00:00:00;16.12;13.08;100.0;94.7;2.79
,30/06/2020 00:00:00;26.06;11.18;100.0;48.63;0.36
,01/07/2020 00:00:00;18.77;15.28;100.0;90.4;0.18
,02/07/2020 00:00:00;15.85;11.86;100.0;100.0;5.67
,03/07/2020 00:00:00;17.54;10.78;100.0;69.59;0.72
,04/07/2020 00:00:00;22.73;9.49;100.0;59.09;0.0
,05/07/2020 00:00:00;25.49;12.16;100.0;56.29;0.0
,06/07/2020 00:00:00;17.18;9.92;100.0;96.2;2.79
,07/07/2020 00:00:00;21.95;10.81;100.0;60.11;0.0
,08/07/2020 00:00:00;26.86;11.25;100.0;54.88;0.0
,09/07/2020 00:00:00;25.49;15.09;100.0;64.73;1.8
,10/07/2020 00:00:00;18.41;13.95;100.0;71.28;2.34
,11/07/2020 00:00:00;22.71;13.48;100.0;59.14;0.45
,12/07/2020 00:00:00;25.91;13.89;100.0;59.44;7.12
,13/07/2020 00:00:00;22.73;12.81;100.0;54.6;0.0
,14/07/2020 00:00:00;20.33;11.06;100.0;59.35;0.0
,15/07/2020 00:00:00;17.42;11.83;100.0;80.6;5.85
,16/07/2020 00:00:00;16.01;12.6;100.0;70.83;0.09
,17/07/2020 00:00:00;19.1;13.06;100.0;74.18;0.0
,18/07/2020 00:00:00;25.8;12.72;100.0;51.21;0.0
,19/07/2020 00:00:00;31.11;15.99;86.2;44.73;0.0
,20/07/2020 00:00:00;25.22;14.92;100.0;66.17;0.0
,21/07/2020 00:00:00;26.29;13.15;100.0;65.87;0.0
,22/07/2020 00:00:00;30.06;16.81;100.0;54.29;0.0
,23/07/2020 00:00:00;24.27;13.28;100.0;61.71;0.0
,24/07/2020 00:00:00;23.73;12.33;100.0;57.9;0.0
,25/07/2020 00:00:00;27.11;11.15;100.0;57.55;0.0
,26/07/2020 00:00:00;26.46;13.13;100.0;56.6;0.0
,27/07/2020 00:00:00;33.78;16.34;100.0;37.17;0.0
,28/07/2020 00:00:00;20.94;15.38;100.0;85.6;3.06
,29/07/2020 00:00:00;25.61;14.54;100.0;66.86;1.26
,30/07/2020 00:00:00;37.54;17.68;100.0;22.37;0.0
,31/07/2020 00:00:00;30.65;18.47;100.0;33.53;0.72
,01/08/2020 00:00:00;18.63;16.04;100.0;100.0;5.31
,02/08/2020 00:00:00;19.76;13.99;100.0;73.82;0.99
,03/08/2020 00:00:00;20.82;12.3;100.0;63.98;0.0
,04/08/2020 00:00:00;23.71;12.55;100.0;51.75;0.0
,05/08/2020 00:00:00;29.25;10.75;100.0;40.0;0.0
,06/08/2020 00:00:00;36.26;16.58;69.43;25.45;0.0
,07/08/2020 00:00:00;37.29;19.18;91.8;23.82;1.98
,08/08/2020 00:00:00;31.17;16.23;100.0;45.8;3.87
,09/08/2020 00:00:00;33.58;17.32;100.0;36.56;0.45
,10/08/2020 00:00:00;28.25;17.83;100.0;65.6;0.0
,11/08/2020 00:00:00;30.57;16.81;100.0;28.19;0.9
,12/08/2020 00:00:00;29.71;16.21;91.9;29.16;0.18
,13/08/2020 00:00:00;22.78;15.44;100.0;61.15;0.0
,14/08/2020 00:00:00;26.66;14.55;100.0;56.72;0.18
,15/08/2020 00:00:00;26.95;14.81;100.0;62.15;7.02
,16/08/2020 00:00:00;23.78;11.82;100.0;53.15;0.0
,17/08/2020 00:00:00;25.17;11.83;100.0;48.56;0.45
,18/08/2020 00:00:00;24.91;14.32;92.5;54.81;0.0
,19/08/2020 00:00:00;32.66;18.25;81.2;22.29;0.0
,20/08/2020 00:00:00;33.77;15.74;91.1;17.53;0.0
,21/08/2020 00:00:00;29.12;13.44;100.0;42.64;17.66
,22/08/2020 00:00:00;24.18;11.86;100.0;60.41;0.18
,23/08/2020 00:00:00;22.18;12.93;100.0;63.03;0.0
,24/08/2020 00:00:00;24.17;13.61;100.0;50.42;0.0
,25/08/2020 00:00:00;29.2;14.85;100.0;34.62;0.0
,26/08/2020 00:00:00;25.53;14.58;100.0;62.42;0.0
,27/08/2020 00:00:00;28.84;17.0;100.0;49.77;0.0
,28/08/2020 00:00:00;17.61;11.72;100.0;100.0;18.01
,29/08/2020 00:00:00;16.5;9.86;100.0;73.73;49.01
,30/08/2020 00:00:00;16.9;9.51;100.0;68.45;13.06
,31/08/2020 00:00:00;20.98;8.39;100.0;48.6;0.0
,01/09/2020 00:00:00;23.0;10.99;93.4;42.62;0.0
,02/09/2020 00:00:00;22.44;9.93;87.6;40.95;0.0
,03/09/2020 00:00:00;27.32;9.69;90.9;44.33;0.0
,04/09/2020 00:00:00;31.93;16.85;62.7;25.45;0.0
,05/09/2020 00:00:00;20.15;14.01;100.0;55.12;0.09
,06/09/2020 00:00:00;19.62;11.67;100.0;59.19;0.36
,07/09/2020 00:00:00;19.35;9.71;87.3;48.6;0.0
,08/09/2020 00:00:00;23.05;9.48;95.4;41.17;0.0
,09/09/2020 00:00:00;25.6;12.43;82.2;42.51;0.0
,10/09/2020 00:00:00;24.7;12.16;88.9;57.72;0.0
,11/09/2020 00:00:00;24.77;13.9;100.0;57.97;0.0
,12/09/2020 00:00:00;26.41;12.97;100.0;51.08;0.09
,13/09/2020 00:00:00;31.73;14.52;90.6;26.95;0.0
,14/09/2020 00:00:00;31.18;23.57;47.38;23.73;0.0
,15/09/2020 00:00:00;29.78;16.49;85.3;35.41;0.27
,16/09/2020 00:00:00;29.9;16.77;82.1;36.59;0.0
,17/09/2020 00:00:00;29.88;18.92;66.29;34.15;0.0
,18/09/2020 00:00:00;25.41;18.16;73.09;39.17;0.18
,19/09/2020 00:00:00;20.11;12.9;100.0;57.77;14.5
,20/09/2020 00:00:00;22.84;11.71;100.0;56.67;0.0
,21/09/2020 00:00:00;17.81;12.58;100.0;87.4;13.78
,22/09/2020 00:00:00;22.7;12.43;100.0;60.62;0.09
,23/09/2020 00:00:00;22.61;12.76;100.0;51.33;5.49
,24/09/2020 00:00:00;21.31;9.36;100.0;45.71;14.86
,25/09/2020 00:00:00;10.33;6.51;100.0;83.8;57.11
,26/09/2020 00:00:00;12.96;6.76;100.0;92.8;42.06
,27/09/2020 00:00:00;13.0;4.64;100.0;62.14;0.0
,28/09/2020 00:00:00;14.05;7.82;100.0;78.3;0.0
,29/09/2020 00:00:00;18.52;7.22;100.0;64.54;0.0
,30/09/2020 00:00:00;24.35;9.26;100.0;43.73;0.09
,01/10/2020 00:00:00;16.85;10.06;100.0;53.95;2.7
,02/10/2020 00:00:00;13.94;6.67;100.0;64.73;32.61
,03/10/2020 00:00:00;10.09;6.49;100.0;74.86;46.21
,04/10/2020 00:00:00;10.99;7.43;100.0;68.86;6.88
,05/10/2020 00:00:00;15.05;7.48;100.0;64.27;1.9
,06/10/2020 00:00:00;15.59;11.91;100.0;62.09;3.63
,07/10/2020 00:00:00;14.92;10.97;100.0;96.3;14.14
,08/10/2020 00:00:00;22.79;8.94;100.0;53.31;0.21
,09/10/2020 00:00:00;15.68;11.71;100.0;96.8;1.48
,10/10/2020 00:00:00;14.61;7.49;100.0;80.7;9.27
,11/10/2020 00:00:00;10.61;5.86;100.0;90.5;24.52
,12/10/2020 00:00:00;11.4;6.98;100.0;79.96;10.82
,13/10/2020 00:00:00;12.04;7.98;100.0;99.4;16.38
,14/10/2020 00:00:00;9.43;5.43;100.0;99.9;41.17
,15/10/2020 00:00:00;9.59;5.09;100.0;81.6;10.81
,16/10/2020 00:00:00;11.3;3.43;100.0;62.26;0.0
,17/10/2020 00:00:00;15.93;2.93;100.0;49.9;0.0
,18/10/2020 00:00:00;20.41;5.73;89.3;35.69;0.0
,19/10/2020 00:00:00;21.37;10.23;68.06;30.55;0.09
,20/10/2020 00:00:00;19.37;14.13;83.5;42.36;1.62
,21/10/2020 00:00:00;20.2;13.27;79.86;50.01;0.54
,22/10/2020 00:00:00;19.75;14.18;71.2;55.9;0.0
,23/10/2020 00:00:00;17.36;7.09;100.0;54.23;16.21
,24/10/2020 00:00:00;16.43;6.8;100.0;49.2;0.09
,25/10/2020 00:00:00;14.88;6.37;100.0;54.05;17.84
,26/10/2020 00:00:00;8.81;4.81;100.0;83.8;33.33
,27/10/2020 00:00:00;12.71;6.13;93.9;64.7;0.81
,28/10/2020 00:00:00;15.45;7.95;88.5;68.67;0.0
,29/10/2020 00:00:00;19.49;7.71;88.6;52.11;0.0
,30/10/2020 00:00:00;22.8;11.91;73.15;32.55;0.0
,31/10/2020 00:00:00;23.73;13.36;68.72;28.14;0.0
,01/11/2020 00:00:00;23.38;13.72;70.89;47.0;0.0
,02/11/2020 00:00:00;20.91;9.85;100.0;51.02;6.48
,03/11/2020 00:00:00;10.59;5.78;100.0;88.8;9.96
,04/11/2020 00:00:00;7.21;5.28;99.9;77.43;0.0
,05/11/2020 00:00:00;17.31;4.32;94.1;52.59;0.0
,06/11/2020 00:00:00;18.21;14.62;65.35;55.47;0.0
,07/11/2020 00:00:00;17.93;12.44;88.9;52.29;11.97
,08/11/2020 00:00:00;16.71;10.01;86.3;54.74;0.0
,09/11/2020 00:00:00;16.6;9.44;86.1;55.31;0.63
,10/11/2020 00:00:00;13.95;8.4;100.0;82.4;0.36
,11/11/2020 00:00:00;16.65;8.15;99.6;52.1;0.0
,12/11/2020 00:00:00;19.15;8.16;78.22;41.62;0.0
,13/11/2020 00:00:00;18.16;9.83;75.43;38.89;0.0
,14/11/2020 00:00:00;15.32;12.7;70.54;48.58;0.0
,15/11/2020 00:00:00;17.86;9.06;100.0;58.63;12.59
,16/11/2020 00:00:00;12.76;7.33;100.0;70.06;2.59
,17/11/2020 00:00:00;20.4;5.68;93.1;27.85;0.0
,18/11/2020 00:00:00;21.09;11.33;78.02;42.18;0.0
,19/11/2020 00:00:00;12.87;5.99;100.0;75.72;3.12
,20/11/2020 00:00:00;11.02;3.16;100.0;53.77;0.0
,21/11/2020 00:00:00;14.0;1.86;86.4;31.03;0.0
,22/11/2020 00:00:00;16.38;5.78;68.48;31.93;0.0
,23/11/2020 00:00:00;13.39;3.5;83.5;55.57;0.0
,24/11/2020 00:00:00;14.69;7.4;67.86;40.45;0.0
,25/11/2020 00:00:00;14.28;9.77;62.91;46.74;0.0
,26/11/2020 00:00:00;15.82;10.31;62.56;52.2;0.0
,27/11/2020 00:00:00;17.17;7.98;81.8;46.07;0.0
,28/11/2020 00:00:00;16.21;6.97;85.8;52.53;0.0
,29/11/2020 00:00:00;17.25;7.35;86.6;48.42;0.0
,30/11/2020 00:00:00;14.9;5.93;100.0;64.3;0.0
,01/12/2020 00:00:00;9.25;4.14;100.0;75.89;5.89
,02/12/2020 00:00:00;6.33;1.67;100.0;60.12;0.36
,03/12/2020 00:00:00;9.57;2.68;100.0;51.81;1.25
,04/12/2020 00:00:00;5.88;0.05;100.0;58.77;14.11
,05/12/2020 00:00:00;3.55;0.28;100.0;72.97;25.1
,06/12/2020 00:00:00;2.65;-0.19;100.0;96.2;60.43
,07/12/2020 00:00:00;6.67;1.28;100.0;59.24;29.37
,08/12/2020 00:00:00;5.72;-0.11;100.0;67.79;46.28
,09/12/2020 00:00:00;4.77;-0.32;100.0;81.3;41.74
,10/12/2020 00:00:00;8.79;4.64;100.0;81.5;36.31
,11/12/2020 00:00:00;11.25;7.56;100.0;80.6;68.76
,12/12/2020 00:00:00;7.51;5.82;100.0;91.0;36.61
,13/12/2020 00:00:00;15.14;5.63;100.0;62.36;0.0
,14/12/2020 00:00:00;14.84;10.58;83.2;59.89;0.21
,15/12/2020 00:00:00;12.36;6.93;100.0;52.71;8.22
,16/12/2020 00:00:00;11.9;7.81;68.53;47.6;0.09
,17/12/2020 00:00:00;13.07;6.57;100.0;63.63;0.0
,18/12/2020 00:00:00;13.25;7.37;80.4;56.34;0.0
,19/12/2020 00:00:00;12.62;7.35;92.0;62.03;1.34
,20/12/2020 00:00:00;12.24;4.58;99.5;59.0;0.0
,21/12/2020 00:00:00;13.28;7.45;100.0;54.51;2.5
,22/12/2020 00:00:00;16.7;9.48;88.2;56.08;0.0
,23/12/2020 00:00:00;15.38;5.43;100.0;62.63;3.93
,24/12/2020 00:00:00;6.79;2.87;100.0;74.83;20.45
,25/12/2020 00:00:00;2.64;0.0;100.0;68.52;4.19
,26/12/2020 00:00:00;4.58;0.48;88.0;67.13;0.0
,27/12/2020 00:00:00;8.36;0.19;91.8;35.48;5.36
,28/12/2020 00:00:00;4.67;0.92;100.0;76.27;32.76
,29/12/2020 00:00:00;4.22;-0.1;100.0;69.65;18.85
,30/12/2020 00:00:00;4.99;0.18;100.0;75.44;31.26
,31/12/2020 00:00:00;6.18;-0.23;100.0;64.61;7.14
